{
  "tracks" : {
    "href" : "https://api.spotify.com/v1/search?query=Muse&type=track&market=US&offset=0&limit=20",
    "items" : [ {
      "album" : {
        "album_type" : "album",
        "artists" : [ {
          "external_urls" : {
            "spotify" : "https://open.spotify.com/artist/12Chz98pHFMPJEknJQMWvI"
          },
          "href" : "https://api.spotify.com/v1/artists/12Chz98pHFMPJEknJQMWvI",
          "id" : "12Chz98pHFMPJEknJQMWvI",
          "name" : "Muse",
          "type" : "artist",
          "uri" : "spotify:artist:12Chz98pHFMPJEknJQMWvI"
        } ],
        "available_markets" : [ "AD", "AR", "AT", "AU", "BE", "BG", "BO", "BR", "CA", "CH", "CL", "CO", "CR", "CY", "CZ", "DE", "DK", "DO", "EC", "EE", "ES", "FI", "FR", "GB", "GR", "GT", "HK", "HN", "HU", "ID", "IE", "IS", "IT", "JP", "LI", "LT", "LU", "LV", "MC", "MT", "MX", "MY", "NI", "NL", "NO", "NZ", "PA", "PE", "PH", "PL", "PT", "PY", "SE", "SG", "SK", "SV", "TH", "TR", "TW", "US", "UY", "VN" ],
        "external_urls" : {
          "spotify" : "https://open.spotify.com/album/0eFHYz8NmK75zSplL5qlfM"
        },
        "href" : "https://api.spotify.com/v1/albums/0eFHYz8NmK75zSplL5qlfM",
        "id" : "0eFHYz8NmK75zSplL5qlfM",
        "images" : [ {
          "height" : 640,
          "url" : "https://i.scdn.co/image/6e1be3ceda70250c701caee5a16bef205e94bc98",
          "width" : 640
        }, {
          "height" : 300,
          "url" : "https://i.scdn.co/image/28752dcf4b27ba14c1fc62f04ff469aa53c113d7",
          "width" : 300
        }, {
          "height" : 64,
          "url" : "https://i.scdn.co/image/26098aaa50a3450f0bac8f1a7d7677accf3f3cb6",
          "width" : 64
        } ],
        "name" : "The Resistance",
        "type" : "album",
        "uri" : "spotify:album:0eFHYz8NmK75zSplL5qlfM"
      },
      "artists" : [ {
        "external_urls" : {
          "spotify" : "https://open.spotify.com/artist/12Chz98pHFMPJEknJQMWvI"
        },
        "href" : "https://api.spotify.com/v1/artists/12Chz98pHFMPJEknJQMWvI",
        "id" : "12Chz98pHFMPJEknJQMWvI",
        "name" : "Muse",
        "type" : "artist",
        "uri" : "spotify:artist:12Chz98pHFMPJEknJQMWvI"
      } ],
      "available_markets" : [ "AD", "AR", "AT", "AU", "BE", "BG", "BO", "BR", "CA", "CH", "CL", "CO", "CR", "CY", "CZ", "DE", "DK", "DO", "EC", "EE", "ES", "FI", "FR", "GB", "GR", "GT", "HK", "HN", "HU", "ID", "IE", "IS", "IT", "JP", "LI", "LT", "LU", "LV", "MC", "MT", "MX", "MY", "NI", "NL", "NO", "NZ", "PA", "PE", "PH", "PL", "PT", "PY", "SE", "SG", "SK", "SV", "TH", "TR", "TW", "US", "UY", "VN" ],
      "disc_number" : 1,
      "duration_ms" : 304840,
      "explicit" : false,
      "external_ids" : {
        "isrc" : "GBAHT0900320"
      },
      "external_urls" : {
        "spotify" : "https://open.spotify.com/track/4VqPOruhp5EdPBeR92t6lQ"
      },
      "href" : "https://api.spotify.com/v1/tracks/4VqPOruhp5EdPBeR92t6lQ",
      "id" : "4VqPOruhp5EdPBeR92t6lQ",
      "name" : "Uprising",
      "popularity" : 73,
      "preview_url" : "https://p.scdn.co/mp3-preview/104ad0ea32356b9f3b2e95a8610f504c90b0026b?cid=8897482848704f2a8f8d7c79726a70d4",
      "track_number" : 1,
      "type" : "track",
      "uri" : "spotify:track:4VqPOruhp5EdPBeR92t6lQ"
    }, {
      "album" : {
        "album_type" : "album",
        "artists" : [ {
          "external_urls" : {
            "spotify" : "https://open.spotify.com/artist/12Chz98pHFMPJEknJQMWvI"
          },
          "href" : "https://api.spotify.com/v1/artists/12Chz98pHFMPJEknJQMWvI",
          "id" : "12Chz98pHFMPJEknJQMWvI",
          "name" : "Muse",
          "type" : "artist",
          "uri" : "spotify:artist:12Chz98pHFMPJEknJQMWvI"
        } ],
        "available_markets" : [ "AD", "AR", "AT", "AU", "BE", "BG", "BO", "BR", "CA", "CH", "CL", "CO", "CR", "CY", "CZ", "DE", "DK", "DO", "EC", "EE", "ES", "FI", "FR", "GB", "GR", "GT", "HK", "HN", "HU", "ID", "IE", "IS", "IT", "JP", "LI", "LT", "LU", "LV", "MC", "MT", "MX", "MY", "NI", "NL", "NO", "NZ", "PA", "PE", "PH", "PL", "PT", "PY", "SE", "SG", "SK", "SV", "TH", "TR", "TW", "US", "UY", "VN" ],
        "external_urls" : {
          "spotify" : "https://open.spotify.com/album/3KuXEGcqLcnEYWnn3OEGy0"
        },
        "href" : "https://api.spotify.com/v1/albums/3KuXEGcqLcnEYWnn3OEGy0",
        "id" : "3KuXEGcqLcnEYWnn3OEGy0",
        "images" : [ {
          "height" : 640,
          "url" : "https://i.scdn.co/image/59fbbabeecaade686c44c99e5d1102130556bba1",
          "width" : 640
        }, {
          "height" : 300,
          "url" : "https://i.scdn.co/image/ca0f14d8190f1cfc7183884a65af00ccd3e2301e",
          "width" : 300
        }, {
          "height" : 64,
          "url" : "https://i.scdn.co/image/44b74728e87b87c44f91f505758cad882573d7ea",
          "width" : 64
        } ],
        "name" : "The 2nd Law",
        "type" : "album",
        "uri" : "spotify:album:3KuXEGcqLcnEYWnn3OEGy0"
      },
      "artists" : [ {
        "external_urls" : {
          "spotify" : "https://open.spotify.com/artist/12Chz98pHFMPJEknJQMWvI"
        },
        "href" : "https://api.spotify.com/v1/artists/12Chz98pHFMPJEknJQMWvI",
        "id" : "12Chz98pHFMPJEknJQMWvI",
        "name" : "Muse",
        "type" : "artist",
        "uri" : "spotify:artist:12Chz98pHFMPJEknJQMWvI"
      } ],
      "available_markets" : [ "AD", "AR", "AT", "AU", "BE", "BG", "BO", "BR", "CA", "CH", "CL", "CO", "CR", "CY", "CZ", "DE", "DK", "DO", "EC", "EE", "ES", "FI", "FR", "GB", "GR", "GT", "HK", "HN", "HU", "ID", "IE", "IS", "IT", "JP", "LI", "LT", "LU", "LV", "MC", "MT", "MX", "MY", "NI", "NL", "NO", "NZ", "PA", "PE", "PH", "PL", "PT", "PY", "SE", "SG", "SK", "SV", "TH", "TR", "TW", "US", "UY", "VN" ],
      "disc_number" : 1,
      "duration_ms" : 281040,
      "explicit" : false,
      "external_ids" : {
        "isrc" : "GBAHT1200390"
      },
      "external_urls" : {
        "spotify" : "https://open.spotify.com/track/0c4IEciLCDdXEhhKxj4ThA"
      },
      "href" : "https://api.spotify.com/v1/tracks/0c4IEciLCDdXEhhKxj4ThA",
      "id" : "0c4IEciLCDdXEhhKxj4ThA",
      "name" : "Madness",
      "popularity" : 69,
      "preview_url" : "https://p.scdn.co/mp3-preview/2bb1362f5a9c6264811e5904ee986b2edced38a3?cid=8897482848704f2a8f8d7c79726a70d4",
      "track_number" : 2,
      "type" : "track",
      "uri" : "spotify:track:0c4IEciLCDdXEhhKxj4ThA"
    }, {
      "album" : {
        "album_type" : "album",
        "artists" : [ {
          "external_urls" : {
            "spotify" : "https://open.spotify.com/artist/6FxuPrpa8phaP3Xn73emhT"
          },
          "href" : "https://api.spotify.com/v1/artists/6FxuPrpa8phaP3Xn73emhT",
          "id" : "6FxuPrpa8phaP3Xn73emhT",
          "name" : "The Wood Brothers",
          "type" : "artist",
          "uri" : "spotify:artist:6FxuPrpa8phaP3Xn73emhT"
        } ],
        "available_markets" : [ "AD", "AR", "AT", "AU", "BE", "BG", "BO", "BR", "CA", "CH", "CL", "CO", "CR", "CY", "CZ", "DE", "DK", "DO", "EC", "EE", "ES", "FI", "FR", "GB", "GR", "GT", "HK", "HN", "HU", "ID", "IE", "IS", "IT", "JP", "LI", "LT", "LU", "LV", "MC", "MT", "MX", "MY", "NI", "NL", "NO", "NZ", "PA", "PE", "PH", "PL", "PT", "PY", "SE", "SG", "SK", "SV", "TH", "TR", "TW", "US", "UY", "VN" ],
        "external_urls" : {
          "spotify" : "https://open.spotify.com/album/2xkAdEXW7nGQAJMptaOk2d"
        },
        "href" : "https://api.spotify.com/v1/albums/2xkAdEXW7nGQAJMptaOk2d",
        "id" : "2xkAdEXW7nGQAJMptaOk2d",
        "images" : [ {
          "height" : 640,
          "url" : "https://i.scdn.co/image/afe446daa20f89d46cf63b5d5c43c2227104f216",
          "width" : 640
        }, {
          "height" : 300,
          "url" : "https://i.scdn.co/image/2a19e9365f480f60243a7bb603b977adea4eb423",
          "width" : 300
        }, {
          "height" : 64,
          "url" : "https://i.scdn.co/image/63099a2357dfa3d7057d20b4fcc910f71d8254da",
          "width" : 64
        } ],
        "name" : "The Muse",
        "type" : "album",
        "uri" : "spotify:album:2xkAdEXW7nGQAJMptaOk2d"
      },
      "artists" : [ {
        "external_urls" : {
          "spotify" : "https://open.spotify.com/artist/6FxuPrpa8phaP3Xn73emhT"
        },
        "href" : "https://api.spotify.com/v1/artists/6FxuPrpa8phaP3Xn73emhT",
        "id" : "6FxuPrpa8phaP3Xn73emhT",
        "name" : "The Wood Brothers",
        "type" : "artist",
        "uri" : "spotify:artist:6FxuPrpa8phaP3Xn73emhT"
      } ],
      "available_markets" : [ "AD", "AR", "AT", "AU", "BE", "BG", "BO", "BR", "CA", "CH", "CL", "CO", "CR", "CY", "CZ", "DE", "DK", "DO", "EC", "EE", "ES", "FI", "FR", "GB", "GR", "GT", "HK", "HN", "HU", "ID", "IE", "IS", "IT", "JP", "LI", "LT", "LU", "LV", "MC", "MT", "MX", "MY", "NI", "NL", "NO", "NZ", "PA", "PE", "PH", "PL", "PT", "PY", "SE", "SG", "SK", "SV", "TH", "TR", "TW", "US", "UY", "VN" ],
      "disc_number" : 1,
      "duration_ms" : 201000,
      "explicit" : false,
      "external_ids" : {
        "isrc" : "QMZ6E1300117"
      },
      "external_urls" : {
        "spotify" : "https://open.spotify.com/track/2eEj2cIxdU4wm47z7UBMIC"
      },
      "href" : "https://api.spotify.com/v1/tracks/2eEj2cIxdU4wm47z7UBMIC",
      "id" : "2eEj2cIxdU4wm47z7UBMIC",
      "name" : "The Muse",
      "popularity" : 55,
      "preview_url" : "https://p.scdn.co/mp3-preview/55b6e85edee96bfa23cd61a13b6c9acb1258a08a?cid=8897482848704f2a8f8d7c79726a70d4",
      "track_number" : 5,
      "type" : "track",
      "uri" : "spotify:track:2eEj2cIxdU4wm47z7UBMIC"
    }, {
      "album" : {
        "album_type" : "album",
        "artists" : [ {
          "external_urls" : {
            "spotify" : "https://open.spotify.com/artist/6FxuPrpa8phaP3Xn73emhT"
          },
          "href" : "https://api.spotify.com/v1/artists/6FxuPrpa8phaP3Xn73emhT",
          "id" : "6FxuPrpa8phaP3Xn73emhT",
          "name" : "The Wood Brothers",
          "type" : "artist",
          "uri" : "spotify:artist:6FxuPrpa8phaP3Xn73emhT"
        } ],
        "available_markets" : [ "AD", "AR", "AT", "AU", "BE", "BG", "BO", "BR", "CA", "CH", "CL", "CO", "CR", "CY", "CZ", "DE", "DK", "DO", "EC", "EE", "ES", "FI", "FR", "GB", "GR", "GT", "HK", "HN", "HU", "ID", "IE", "IS", "IT", "JP", "LI", "LT", "LU", "LV", "MC", "MT", "MX", "MY", "NI", "NL", "NO", "NZ", "PA", "PE", "PH", "PL", "PT", "PY", "SE", "SG", "SK", "SV", "TH", "TR", "TW", "US", "UY", "VN" ],
        "external_urls" : {
          "spotify" : "https://open.spotify.com/album/2xkAdEXW7nGQAJMptaOk2d"
        },
        "href" : "https://api.spotify.com/v1/albums/2xkAdEXW7nGQAJMptaOk2d",
        "id" : "2xkAdEXW7nGQAJMptaOk2d",
        "images" : [ {
          "height" : 640,
          "url" : "https://i.scdn.co/image/afe446daa20f89d46cf63b5d5c43c2227104f216",
          "width" : 640
        }, {
          "height" : 300,
          "url" : "https://i.scdn.co/image/2a19e9365f480f60243a7bb603b977adea4eb423",
          "width" : 300
        }, {
          "height" : 64,
          "url" : "https://i.scdn.co/image/63099a2357dfa3d7057d20b4fcc910f71d8254da",
          "width" : 64
        } ],
        "name" : "The Muse",
        "type" : "album",
        "uri" : "spotify:album:2xkAdEXW7nGQAJMptaOk2d"
      },
      "artists" : [ {
        "external_urls" : {
          "spotify" : "https://open.spotify.com/artist/6FxuPrpa8phaP3Xn73emhT"
        },
        "href" : "https://api.spotify.com/v1/artists/6FxuPrpa8phaP3Xn73emhT",
        "id" : "6FxuPrpa8phaP3Xn73emhT",
        "name" : "The Wood Brothers",
        "type" : "artist",
        "uri" : "spotify:artist:6FxuPrpa8phaP3Xn73emhT"
      } ],
      "available_markets" : [ "AD", "AR", "AT", "AU", "BE", "BG", "BO", "BR", "CA", "CH", "CL", "CO", "CR", "CY", "CZ", "DE", "DK", "DO", "EC", "EE", "ES", "FI", "FR", "GB", "GR", "GT", "HK", "HN", "HU", "ID", "IE", "IS", "IT", "JP", "LI", "LT", "LU", "LV", "MC", "MT", "MX", "MY", "NI", "NL", "NO", "NZ", "PA", "PE", "PH", "PL", "PT", "PY", "SE", "SG", "SK", "SV", "TH", "TR", "TW", "US", "UY", "VN" ],
      "disc_number" : 1,
      "duration_ms" : 243440,
      "explicit" : false,
      "external_ids" : {
        "isrc" : "QMZ6E1300120"
      },
      "external_urls" : {
        "spotify" : "https://open.spotify.com/track/0MJ5Qltavj6AWdxjheHlSI"
      },
      "href" : "https://api.spotify.com/v1/tracks/0MJ5Qltavj6AWdxjheHlSI",
      "id" : "0MJ5Qltavj6AWdxjheHlSI",
      "name" : "I Got Loaded",
      "popularity" : 59,
      "preview_url" : "https://p.scdn.co/mp3-preview/45964696f4583064fedebecfc8314f7fe882f9e1?cid=8897482848704f2a8f8d7c79726a70d4",
      "track_number" : 8,
      "type" : "track",
      "uri" : "spotify:track:0MJ5Qltavj6AWdxjheHlSI"
    }, {
      "album" : {
        "album_type" : "album",
        "artists" : [ {
          "external_urls" : {
            "spotify" : "https://open.spotify.com/artist/12Chz98pHFMPJEknJQMWvI"
          },
          "href" : "https://api.spotify.com/v1/artists/12Chz98pHFMPJEknJQMWvI",
          "id" : "12Chz98pHFMPJEknJQMWvI",
          "name" : "Muse",
          "type" : "artist",
          "uri" : "spotify:artist:12Chz98pHFMPJEknJQMWvI"
        } ],
        "available_markets" : [ "AD", "AR", "AT", "AU", "BE", "BG", "BO", "BR", "CA", "CH", "CL", "CO", "CR", "CY", "CZ", "DE", "DK", "DO", "EC", "EE", "ES", "FI", "FR", "GB", "GR", "GT", "HK", "HN", "HU", "ID", "IE", "IS", "IT", "JP", "LI", "LT", "LU", "LV", "MC", "MT", "MX", "MY", "NI", "NL", "NO", "NZ", "PA", "PE", "PH", "PL", "PT", "PY", "SE", "SG", "SK", "SV", "TH", "TR", "TW", "US", "UY", "VN" ],
        "external_urls" : {
          "spotify" : "https://open.spotify.com/album/0lw68yx3MhKflWFqCsGkIs"
        },
        "href" : "https://api.spotify.com/v1/albums/0lw68yx3MhKflWFqCsGkIs",
        "id" : "0lw68yx3MhKflWFqCsGkIs",
        "images" : [ {
          "height" : 640,
          "url" : "https://i.scdn.co/image/9e5288926fadb82f873ccf2b45300c3a6f65fa14",
          "width" : 640
        }, {
          "height" : 300,
          "url" : "https://i.scdn.co/image/f1cad0d6974d6236abd07a59106e8450d85cae24",
          "width" : 300
        }, {
          "height" : 64,
          "url" : "https://i.scdn.co/image/81a3f82578dc938c53efdcb405f6a3d3ebbf009f",
          "width" : 64
        } ],
        "name" : "Black Holes And Revelations (Updated 09 version)",
        "type" : "album",
        "uri" : "spotify:album:0lw68yx3MhKflWFqCsGkIs"
      },
      "artists" : [ {
        "external_urls" : {
          "spotify" : "https://open.spotify.com/artist/12Chz98pHFMPJEknJQMWvI"
        },
        "href" : "https://api.spotify.com/v1/artists/12Chz98pHFMPJEknJQMWvI",
        "id" : "12Chz98pHFMPJEknJQMWvI",
        "name" : "Muse",
        "type" : "artist",
        "uri" : "spotify:artist:12Chz98pHFMPJEknJQMWvI"
      } ],
      "available_markets" : [ "AD", "AR", "AT", "AU", "BE", "BG", "BO", "BR", "CA", "CH", "CL", "CO", "CR", "CY", "CZ", "DE", "DK", "DO", "EC", "EE", "ES", "FI", "FR", "GB", "GR", "GT", "HK", "HN", "HU", "ID", "IE", "IS", "IT", "JP", "LI", "LT", "LU", "LV", "MC", "MT", "MX", "MY", "NI", "NL", "NO", "NZ", "PA", "PE", "PH", "PL", "PT", "PY", "SE", "SG", "SK", "SV", "TH", "TR", "TW", "US", "UY", "VN" ],
      "disc_number" : 1,
      "duration_ms" : 240213,
      "explicit" : false,
      "external_ids" : {
        "isrc" : "GBAHT0500592"
      },
      "external_urls" : {
        "spotify" : "https://open.spotify.com/track/3skn2lauGk7Dx6bVIt5DVj"
      },
      "href" : "https://api.spotify.com/v1/tracks/3skn2lauGk7Dx6bVIt5DVj",
      "id" : "3skn2lauGk7Dx6bVIt5DVj",
      "name" : "Starlight",
      "popularity" : 70,
      "preview_url" : "https://p.scdn.co/mp3-preview/f7a1b8a270f310e43ced2720c9af5f29f6476b79?cid=8897482848704f2a8f8d7c79726a70d4",
      "track_number" : 2,
      "type" : "track",
      "uri" : "spotify:track:3skn2lauGk7Dx6bVIt5DVj"
    }, {
      "album" : {
        "album_type" : "album",
        "artists" : [ {
          "external_urls" : {
            "spotify" : "https://open.spotify.com/artist/12Chz98pHFMPJEknJQMWvI"
          },
          "href" : "https://api.spotify.com/v1/artists/12Chz98pHFMPJEknJQMWvI",
          "id" : "12Chz98pHFMPJEknJQMWvI",
          "name" : "Muse",
          "type" : "artist",
          "uri" : "spotify:artist:12Chz98pHFMPJEknJQMWvI"
        } ],
        "available_markets" : [ "AD", "AR", "AT", "AU", "BE", "BG", "BO", "BR", "CA", "CH", "CL", "CO", "CR", "CY", "CZ", "DE", "DK", "DO", "EC", "EE", "ES", "FI", "FR", "GB", "GR", "GT", "HK", "HN", "HU", "ID", "IE", "IS", "IT", "JP", "LI", "LT", "LU", "LV", "MC", "MT", "MX", "MY", "NI", "NL", "NO", "NZ", "PA", "PE", "PH", "PL", "PT", "PY", "SE", "SG", "SK", "SV", "TH", "TR", "TW", "US", "UY", "VN" ],
        "external_urls" : {
          "spotify" : "https://open.spotify.com/album/0lw68yx3MhKflWFqCsGkIs"
        },
        "href" : "https://api.spotify.com/v1/albums/0lw68yx3MhKflWFqCsGkIs",
        "id" : "0lw68yx3MhKflWFqCsGkIs",
        "images" : [ {
          "height" : 640,
          "url" : "https://i.scdn.co/image/9e5288926fadb82f873ccf2b45300c3a6f65fa14",
          "width" : 640
        }, {
          "height" : 300,
          "url" : "https://i.scdn.co/image/f1cad0d6974d6236abd07a59106e8450d85cae24",
          "width" : 300
        }, {
          "height" : 64,
          "url" : "https://i.scdn.co/image/81a3f82578dc938c53efdcb405f6a3d3ebbf009f",
          "width" : 64
        } ],
        "name" : "Black Holes And Revelations (Updated 09 version)",
        "type" : "album",
        "uri" : "spotify:album:0lw68yx3MhKflWFqCsGkIs"
      },
      "artists" : [ {
        "external_urls" : {
          "spotify" : "https://open.spotify.com/artist/12Chz98pHFMPJEknJQMWvI"
        },
        "href" : "https://api.spotify.com/v1/artists/12Chz98pHFMPJEknJQMWvI",
        "id" : "12Chz98pHFMPJEknJQMWvI",
        "name" : "Muse",
        "type" : "artist",
        "uri" : "spotify:artist:12Chz98pHFMPJEknJQMWvI"
      } ],
      "available_markets" : [ "AD", "AR", "AT", "AU", "BE", "BG", "BO", "BR", "CA", "CH", "CL", "CO", "CR", "CY", "CZ", "DE", "DK", "DO", "EC", "EE", "ES", "FI", "FR", "GB", "GR", "GT", "HK", "HN", "HU", "ID", "IE", "IS", "IT", "JP", "LI", "LT", "LU", "LV", "MC", "MT", "MX", "MY", "NI", "NL", "NO", "NZ", "PA", "PE", "PH", "PL", "PT", "PY", "SE", "SG", "SK", "SV", "TH", "TR", "TW", "US", "UY", "VN" ],
      "disc_number" : 1,
      "duration_ms" : 212439,
      "explicit" : false,
      "external_ids" : {
        "isrc" : "GBAHT0500593"
      },
      "external_urls" : {
        "spotify" : "https://open.spotify.com/track/3lPr8ghNDBLc2uZovNyLs9"
      },
      "href" : "https://api.spotify.com/v1/tracks/3lPr8ghNDBLc2uZovNyLs9",
      "id" : "3lPr8ghNDBLc2uZovNyLs9",
      "name" : "Supermassive Black Hole",
      "popularity" : 70,
      "preview_url" : "https://p.scdn.co/mp3-preview/7ab3e38ce1671da3a185d8685981983a6f39b7bd?cid=8897482848704f2a8f8d7c79726a70d4",
      "track_number" : 3,
      "type" : "track",
      "uri" : "spotify:track:3lPr8ghNDBLc2uZovNyLs9"
    }, {
      "album" : {
        "album_type" : "single",
        "artists" : [ {
          "external_urls" : {
            "spotify" : "https://open.spotify.com/artist/12Chz98pHFMPJEknJQMWvI"
          },
          "href" : "https://api.spotify.com/v1/artists/12Chz98pHFMPJEknJQMWvI",
          "id" : "12Chz98pHFMPJEknJQMWvI",
          "name" : "Muse",
          "type" : "artist",
          "uri" : "spotify:artist:12Chz98pHFMPJEknJQMWvI"
        } ],
        "available_markets" : [ "AD", "AR", "AT", "AU", "BE", "BG", "BO", "BR", "CA", "CH", "CL", "CO", "CR", "CY", "CZ", "DE", "DK", "DO", "EC", "EE", "ES", "FI", "FR", "GB", "GR", "GT", "HK", "HN", "HU", "ID", "IE", "IS", "IT", "JP", "LI", "LT", "LU", "LV", "MC", "MT", "MX", "MY", "NI", "NL", "NO", "NZ", "PA", "PE", "PH", "PL", "PT", "PY", "SE", "SG", "SK", "SV", "TH", "TR", "TW", "US", "UY", "VN" ],
        "external_urls" : {
          "spotify" : "https://open.spotify.com/album/2mugumSqUWxhW2InJ9dPTv"
        },
        "href" : "https://api.spotify.com/v1/albums/2mugumSqUWxhW2InJ9dPTv",
        "id" : "2mugumSqUWxhW2InJ9dPTv",
        "images" : [ {
          "height" : 640,
          "url" : "https://i.scdn.co/image/08d56eac0c7d48bb8bf7752b2202c3314db79394",
          "width" : 640
        }, {
          "height" : 300,
          "url" : "https://i.scdn.co/image/e6e7234a572a83fa7a98ee51c225d161a6750e01",
          "width" : 300
        }, {
          "height" : 64,
          "url" : "https://i.scdn.co/image/105e1c4fee340f987c8708b5eaf42b36cf742519",
          "width" : 64
        } ],
        "name" : "Dig Down",
        "type" : "album",
        "uri" : "spotify:album:2mugumSqUWxhW2InJ9dPTv"
      },
      "artists" : [ {
        "external_urls" : {
          "spotify" : "https://open.spotify.com/artist/12Chz98pHFMPJEknJQMWvI"
        },
        "href" : "https://api.spotify.com/v1/artists/12Chz98pHFMPJEknJQMWvI",
        "id" : "12Chz98pHFMPJEknJQMWvI",
        "name" : "Muse",
        "type" : "artist",
        "uri" : "spotify:artist:12Chz98pHFMPJEknJQMWvI"
      } ],
      "available_markets" : [ "AD", "AR", "AT", "AU", "BE", "BG", "BO", "BR", "CA", "CH", "CL", "CO", "CR", "CY", "CZ", "DE", "DK", "DO", "EC", "EE", "ES", "FI", "FR", "GB", "GR", "GT", "HK", "HN", "HU", "ID", "IE", "IS", "IT", "JP", "LI", "LT", "LU", "LV", "MC", "MT", "MX", "MY", "NI", "NL", "NO", "NZ", "PA", "PE", "PH", "PL", "PT", "PY", "SE", "SG", "SK", "SV", "TH", "TR", "TW", "US", "UY", "VN" ],
      "disc_number" : 1,
      "duration_ms" : 228574,
      "explicit" : false,
      "external_ids" : {
        "isrc" : "GBAHT1700276"
      },
      "external_urls" : {
        "spotify" : "https://open.spotify.com/track/7JhTr0G0gr3ESY3B9uqPi4"
      },
      "href" : "https://api.spotify.com/v1/tracks/7JhTr0G0gr3ESY3B9uqPi4",
      "id" : "7JhTr0G0gr3ESY3B9uqPi4",
      "name" : "Dig Down",
      "popularity" : 67,
      "preview_url" : "https://p.scdn.co/mp3-preview/ad3bde2594ba70f6193165de81efc06b9eb4a510?cid=8897482848704f2a8f8d7c79726a70d4",
      "track_number" : 1,
      "type" : "track",
      "uri" : "spotify:track:7JhTr0G0gr3ESY3B9uqPi4"
    }, {
      "album" : {
        "album_type" : "album",
        "artists" : [ {
          "external_urls" : {
            "spotify" : "https://open.spotify.com/artist/12Chz98pHFMPJEknJQMWvI"
          },
          "href" : "https://api.spotify.com/v1/artists/12Chz98pHFMPJEknJQMWvI",
          "id" : "12Chz98pHFMPJEknJQMWvI",
          "name" : "Muse",
          "type" : "artist",
          "uri" : "spotify:artist:12Chz98pHFMPJEknJQMWvI"
        } ],
        "available_markets" : [ "AD", "AR", "AT", "AU", "BE", "BG", "BO", "BR", "CA", "CH", "CL", "CO", "CR", "CY", "CZ", "DE", "DK", "DO", "EC", "EE", "ES", "FI", "FR", "GB", "GR", "GT", "HK", "HN", "HU", "ID", "IE", "IS", "IT", "JP", "LI", "LT", "LU", "LV", "MC", "MT", "MX", "MY", "NI", "NL", "NO", "NZ", "PA", "PE", "PH", "PL", "PT", "PY", "SE", "SG", "SK", "SV", "TH", "TR", "TW", "US", "UY", "VN" ],
        "external_urls" : {
          "spotify" : "https://open.spotify.com/album/0lw68yx3MhKflWFqCsGkIs"
        },
        "href" : "https://api.spotify.com/v1/albums/0lw68yx3MhKflWFqCsGkIs",
        "id" : "0lw68yx3MhKflWFqCsGkIs",
        "images" : [ {
          "height" : 640,
          "url" : "https://i.scdn.co/image/9e5288926fadb82f873ccf2b45300c3a6f65fa14",
          "width" : 640
        }, {
          "height" : 300,
          "url" : "https://i.scdn.co/image/f1cad0d6974d6236abd07a59106e8450d85cae24",
          "width" : 300
        }, {
          "height" : 64,
          "url" : "https://i.scdn.co/image/81a3f82578dc938c53efdcb405f6a3d3ebbf009f",
          "width" : 64
        } ],
        "name" : "Black Holes And Revelations (Updated 09 version)",
        "type" : "album",
        "uri" : "spotify:album:0lw68yx3MhKflWFqCsGkIs"
      },
      "artists" : [ {
        "external_urls" : {
          "spotify" : "https://open.spotify.com/artist/12Chz98pHFMPJEknJQMWvI"
        },
        "href" : "https://api.spotify.com/v1/artists/12Chz98pHFMPJEknJQMWvI",
        "id" : "12Chz98pHFMPJEknJQMWvI",
        "name" : "Muse",
        "type" : "artist",
        "uri" : "spotify:artist:12Chz98pHFMPJEknJQMWvI"
      } ],
      "available_markets" : [ "AD", "AR", "AT", "AU", "BE", "BG", "BO", "BR", "CA", "CH", "CL", "CO", "CR", "CY", "CZ", "DE", "DK", "DO", "EC", "EE", "ES", "FI", "FR", "GB", "GR", "GT", "HK", "HN", "HU", "ID", "IE", "IS", "IT", "JP", "LI", "LT", "LU", "LV", "MC", "MT", "MX", "MY", "NI", "NL", "NO", "NZ", "PA", "PE", "PH", "PL", "PT", "PY", "SE", "SG", "SK", "SV", "TH", "TR", "TW", "US", "UY", "VN" ],
      "disc_number" : 1,
      "duration_ms" : 366213,
      "explicit" : false,
      "external_ids" : {
        "isrc" : "GBAHT0500600"
      },
      "external_urls" : {
        "spotify" : "https://open.spotify.com/track/7ouMYWpwJ422jRcDASZB7P"
      },
      "href" : "https://api.spotify.com/v1/tracks/7ouMYWpwJ422jRcDASZB7P",
      "id" : "7ouMYWpwJ422jRcDASZB7P",
      "name" : "Knights Of Cydonia",
      "popularity" : 67,
      "preview_url" : "https://p.scdn.co/mp3-preview/d7624ec5f93b6d92c1836a95c40ecce463584f6e?cid=8897482848704f2a8f8d7c79726a70d4",
      "track_number" : 11,
      "type" : "track",
      "uri" : "spotify:track:7ouMYWpwJ422jRcDASZB7P"
    }, {
      "album" : {
        "album_type" : "album",
        "artists" : [ {
          "external_urls" : {
            "spotify" : "https://open.spotify.com/artist/12Chz98pHFMPJEknJQMWvI"
          },
          "href" : "https://api.spotify.com/v1/artists/12Chz98pHFMPJEknJQMWvI",
          "id" : "12Chz98pHFMPJEknJQMWvI",
          "name" : "Muse",
          "type" : "artist",
          "uri" : "spotify:artist:12Chz98pHFMPJEknJQMWvI"
        } ],
        "available_markets" : [ "AD", "AR", "AT", "AU", "BE", "BG", "BO", "BR", "CA", "CH", "CL", "CO", "CR", "CY", "CZ", "DE", "DK", "DO", "EC", "EE", "ES", "FI", "FR", "GB", "GR", "GT", "HK", "HN", "HU", "ID", "IE", "IS", "IT", "JP", "LI", "LT", "LU", "LV", "MC", "MT", "MX", "MY", "NI", "NL", "NO", "NZ", "PA", "PE", "PH", "PL", "PT", "PY", "SE", "SG", "SK", "SV", "TH", "TR", "TW", "US", "UY", "VN" ],
        "external_urls" : {
          "spotify" : "https://open.spotify.com/album/2wart5Qjnvx1fd7LPdQxgJ"
        },
        "href" : "https://api.spotify.com/v1/albums/2wart5Qjnvx1fd7LPdQxgJ",
        "id" : "2wart5Qjnvx1fd7LPdQxgJ",
        "images" : [ {
          "height" : 640,
          "url" : "https://i.scdn.co/image/849eecf3c9df835181c2970c435ac2d008346ea3",
          "width" : 640
        }, {
          "height" : 300,
          "url" : "https://i.scdn.co/image/8b6392caa83625135f0f53d6e2b0631bbe4c4c0b",
          "width" : 300
        }, {
          "height" : 64,
          "url" : "https://i.scdn.co/image/8978459cc3ad68b39bd6dbda418625b06ba5d80c",
          "width" : 64
        } ],
        "name" : "Drones",
        "type" : "album",
        "uri" : "spotify:album:2wart5Qjnvx1fd7LPdQxgJ"
      },
      "artists" : [ {
        "external_urls" : {
          "spotify" : "https://open.spotify.com/artist/12Chz98pHFMPJEknJQMWvI"
        },
        "href" : "https://api.spotify.com/v1/artists/12Chz98pHFMPJEknJQMWvI",
        "id" : "12Chz98pHFMPJEknJQMWvI",
        "name" : "Muse",
        "type" : "artist",
        "uri" : "spotify:artist:12Chz98pHFMPJEknJQMWvI"
      } ],
      "available_markets" : [ "AD", "AR", "AT", "AU", "BE", "BG", "BO", "BR", "CA", "CH", "CL", "CO", "CR", "CY", "CZ", "DE", "DK", "DO", "EC", "EE", "ES", "FI", "FR", "GB", "GR", "GT", "HK", "HN", "HU", "ID", "IE", "IS", "IT", "JP", "LI", "LT", "LU", "LV", "MC", "MT", "MX", "MY", "NI", "NL", "NO", "NZ", "PA", "PE", "PH", "PL", "PT", "PY", "SE", "SG", "SK", "SV", "TH", "TR", "TW", "US", "UY", "VN" ],
      "disc_number" : 1,
      "duration_ms" : 316717,
      "explicit" : true,
      "external_ids" : {
        "isrc" : "GBAHT1500068"
      },
      "external_urls" : {
        "spotify" : "https://open.spotify.com/track/383QXk8nb2YrARMUwDdjQS"
      },
      "href" : "https://api.spotify.com/v1/tracks/383QXk8nb2YrARMUwDdjQS",
      "id" : "383QXk8nb2YrARMUwDdjQS",
      "name" : "Psycho",
      "popularity" : 68,
      "preview_url" : "https://p.scdn.co/mp3-preview/9825aad9fc20222cfd2db3eba32469181b90c8d8?cid=8897482848704f2a8f8d7c79726a70d4",
      "track_number" : 3,
      "type" : "track",
      "uri" : "spotify:track:383QXk8nb2YrARMUwDdjQS"
    }, {
      "album" : {
        "album_type" : "album",
        "artists" : [ {
          "external_urls" : {
            "spotify" : "https://open.spotify.com/artist/12Chz98pHFMPJEknJQMWvI"
          },
          "href" : "https://api.spotify.com/v1/artists/12Chz98pHFMPJEknJQMWvI",
          "id" : "12Chz98pHFMPJEknJQMWvI",
          "name" : "Muse",
          "type" : "artist",
          "uri" : "spotify:artist:12Chz98pHFMPJEknJQMWvI"
        } ],
        "available_markets" : [ "AD", "AR", "AT", "AU", "BE", "BG", "BO", "BR", "CA", "CH", "CL", "CO", "CR", "CY", "CZ", "DE", "DK", "DO", "EC", "EE", "ES", "FI", "FR", "GB", "GR", "GT", "HK", "HN", "HU", "ID", "IE", "IS", "IT", "JP", "LI", "LT", "LU", "LV", "MC", "MT", "MX", "MY", "NI", "NL", "NO", "NZ", "PA", "PE", "PH", "PL", "PT", "PY", "SE", "SG", "SK", "SV", "TH", "TR", "TW", "US", "UY", "VN" ],
        "external_urls" : {
          "spotify" : "https://open.spotify.com/album/0HcHPBu9aaF1MxOiZmUQTl"
        },
        "href" : "https://api.spotify.com/v1/albums/0HcHPBu9aaF1MxOiZmUQTl",
        "id" : "0HcHPBu9aaF1MxOiZmUQTl",
        "images" : [ {
          "height" : 640,
          "url" : "https://i.scdn.co/image/ae61915fc3f4b3019200ba6ee58a2a85866461bf",
          "width" : 640
        }, {
          "height" : 300,
          "url" : "https://i.scdn.co/image/523194c8f4f32d0d091a7686fea8fda0411b25a5",
          "width" : 300
        }, {
          "height" : 64,
          "url" : "https://i.scdn.co/image/700cdaab602da14c4f007ad2f9cefcbd9292ac24",
          "width" : 64
        } ],
        "name" : "Absolution (New 09 version)",
        "type" : "album",
        "uri" : "spotify:album:0HcHPBu9aaF1MxOiZmUQTl"
      },
      "artists" : [ {
        "external_urls" : {
          "spotify" : "https://open.spotify.com/artist/12Chz98pHFMPJEknJQMWvI"
        },
        "href" : "https://api.spotify.com/v1/artists/12Chz98pHFMPJEknJQMWvI",
        "id" : "12Chz98pHFMPJEknJQMWvI",
        "name" : "Muse",
        "type" : "artist",
        "uri" : "spotify:artist:12Chz98pHFMPJEknJQMWvI"
      } ],
      "available_markets" : [ "AD", "AR", "AT", "AU", "BE", "BG", "BO", "BR", "CA", "CH", "CL", "CO", "CR", "CY", "CZ", "DE", "DK", "DO", "EC", "EE", "ES", "FI", "FR", "GB", "GR", "GT", "HK", "HN", "HU", "ID", "IE", "IS", "IT", "JP", "LI", "LT", "LU", "LV", "MC", "MT", "MX", "MY", "NI", "NL", "NO", "NZ", "PA", "PE", "PH", "PL", "PT", "PY", "SE", "SG", "SK", "SV", "TH", "TR", "TW", "US", "UY", "VN" ],
      "disc_number" : 1,
      "duration_ms" : 227440,
      "explicit" : false,
      "external_ids" : {
        "isrc" : "GBCVT0300083"
      },
      "external_urls" : {
        "spotify" : "https://open.spotify.com/track/7xyYsOvq5Ec3P4fr6mM9fD"
      },
      "href" : "https://api.spotify.com/v1/tracks/7xyYsOvq5Ec3P4fr6mM9fD",
      "id" : "7xyYsOvq5Ec3P4fr6mM9fD",
      "name" : "Hysteria",
      "popularity" : 66,
      "preview_url" : "https://p.scdn.co/mp3-preview/ff29ded2c1aa87ed04cb15ea9b1819dc4db95ad7?cid=8897482848704f2a8f8d7c79726a70d4",
      "track_number" : 8,
      "type" : "track",
      "uri" : "spotify:track:7xyYsOvq5Ec3P4fr6mM9fD"
    }, {
      "album" : {
        "album_type" : "album",
        "artists" : [ {
          "external_urls" : {
            "spotify" : "https://open.spotify.com/artist/12Chz98pHFMPJEknJQMWvI"
          },
          "href" : "https://api.spotify.com/v1/artists/12Chz98pHFMPJEknJQMWvI",
          "id" : "12Chz98pHFMPJEknJQMWvI",
          "name" : "Muse",
          "type" : "artist",
          "uri" : "spotify:artist:12Chz98pHFMPJEknJQMWvI"
        } ],
        "available_markets" : [ "AD", "AR", "AT", "AU", "BE", "BG", "BO", "BR", "CA", "CH", "CL", "CO", "CR", "CY", "CZ", "DE", "DK", "DO", "EC", "EE", "ES", "FI", "FR", "GB", "GR", "GT", "HK", "HN", "HU", "ID", "IE", "IS", "IT", "JP", "LI", "LT", "LU", "LV", "MC", "MT", "MX", "MY", "NI", "NL", "NO", "NZ", "PA", "PE", "PH", "PL", "PT", "PY", "SE", "SG", "SK", "SV", "TH", "TR", "TW", "US", "UY", "VN" ],
        "external_urls" : {
          "spotify" : "https://open.spotify.com/album/0HcHPBu9aaF1MxOiZmUQTl"
        },
        "href" : "https://api.spotify.com/v1/albums/0HcHPBu9aaF1MxOiZmUQTl",
        "id" : "0HcHPBu9aaF1MxOiZmUQTl",
        "images" : [ {
          "height" : 640,
          "url" : "https://i.scdn.co/image/ae61915fc3f4b3019200ba6ee58a2a85866461bf",
          "width" : 640
        }, {
          "height" : 300,
          "url" : "https://i.scdn.co/image/523194c8f4f32d0d091a7686fea8fda0411b25a5",
          "width" : 300
        }, {
          "height" : 64,
          "url" : "https://i.scdn.co/image/700cdaab602da14c4f007ad2f9cefcbd9292ac24",
          "width" : 64
        } ],
        "name" : "Absolution (New 09 version)",
        "type" : "album",
        "uri" : "spotify:album:0HcHPBu9aaF1MxOiZmUQTl"
      },
      "artists" : [ {
        "external_urls" : {
          "spotify" : "https://open.spotify.com/artist/12Chz98pHFMPJEknJQMWvI"
        },
        "href" : "https://api.spotify.com/v1/artists/12Chz98pHFMPJEknJQMWvI",
        "id" : "12Chz98pHFMPJEknJQMWvI",
        "name" : "Muse",
        "type" : "artist",
        "uri" : "spotify:artist:12Chz98pHFMPJEknJQMWvI"
      } ],
      "available_markets" : [ "AD", "AR", "AT", "AU", "BE", "BG", "BO", "BR", "CA", "CH", "CL", "CO", "CR", "CY", "CZ", "DE", "DK", "DO", "EC", "EE", "ES", "FI", "FR", "GB", "GR", "GT", "HK", "HN", "HU", "ID", "IE", "IS", "IT", "JP", "LI", "LT", "LU", "LV", "MC", "MT", "MX", "MY", "NI", "NL", "NO", "NZ", "PA", "PE", "PH", "PL", "PT", "PY", "SE", "SG", "SK", "SV", "TH", "TR", "TW", "US", "UY", "VN" ],
      "disc_number" : 1,
      "duration_ms" : 237039,
      "explicit" : false,
      "external_ids" : {
        "isrc" : "GBCVT0300078"
      },
      "external_urls" : {
        "spotify" : "https://open.spotify.com/track/2takcwOaAZWiXQijPHIx7B"
      },
      "href" : "https://api.spotify.com/v1/tracks/2takcwOaAZWiXQijPHIx7B",
      "id" : "2takcwOaAZWiXQijPHIx7B",
      "name" : "Time Is Running Out",
      "popularity" : 66,
      "preview_url" : "https://p.scdn.co/mp3-preview/b326e03624cb098d8387e17aa46669edac0d025a?cid=8897482848704f2a8f8d7c79726a70d4",
      "track_number" : 3,
      "type" : "track",
      "uri" : "spotify:track:2takcwOaAZWiXQijPHIx7B"
    }, {
      "album" : {
        "album_type" : "album",
        "artists" : [ {
          "external_urls" : {
            "spotify" : "https://open.spotify.com/artist/12Chz98pHFMPJEknJQMWvI"
          },
          "href" : "https://api.spotify.com/v1/artists/12Chz98pHFMPJEknJQMWvI",
          "id" : "12Chz98pHFMPJEknJQMWvI",
          "name" : "Muse",
          "type" : "artist",
          "uri" : "spotify:artist:12Chz98pHFMPJEknJQMWvI"
        } ],
        "available_markets" : [ "AD", "AR", "AT", "AU", "BE", "BG", "BO", "BR", "CA", "CH", "CL", "CO", "CR", "CY", "CZ", "DE", "DK", "DO", "EC", "EE", "ES", "FI", "FR", "GB", "GR", "GT", "HK", "HN", "HU", "ID", "IE", "IS", "IT", "JP", "LI", "LT", "LU", "LV", "MC", "MT", "MX", "MY", "NI", "NL", "NO", "NZ", "PA", "PE", "PH", "PL", "PT", "PY", "SE", "SG", "SK", "SV", "TH", "TR", "TW", "US", "UY", "VN" ],
        "external_urls" : {
          "spotify" : "https://open.spotify.com/album/0eFHYz8NmK75zSplL5qlfM"
        },
        "href" : "https://api.spotify.com/v1/albums/0eFHYz8NmK75zSplL5qlfM",
        "id" : "0eFHYz8NmK75zSplL5qlfM",
        "images" : [ {
          "height" : 640,
          "url" : "https://i.scdn.co/image/6e1be3ceda70250c701caee5a16bef205e94bc98",
          "width" : 640
        }, {
          "height" : 300,
          "url" : "https://i.scdn.co/image/28752dcf4b27ba14c1fc62f04ff469aa53c113d7",
          "width" : 300
        }, {
          "height" : 64,
          "url" : "https://i.scdn.co/image/26098aaa50a3450f0bac8f1a7d7677accf3f3cb6",
          "width" : 64
        } ],
        "name" : "The Resistance",
        "type" : "album",
        "uri" : "spotify:album:0eFHYz8NmK75zSplL5qlfM"
      },
      "artists" : [ {
        "external_urls" : {
          "spotify" : "https://open.spotify.com/artist/12Chz98pHFMPJEknJQMWvI"
        },
        "href" : "https://api.spotify.com/v1/artists/12Chz98pHFMPJEknJQMWvI",
        "id" : "12Chz98pHFMPJEknJQMWvI",
        "name" : "Muse",
        "type" : "artist",
        "uri" : "spotify:artist:12Chz98pHFMPJEknJQMWvI"
      } ],
      "available_markets" : [ "AD", "AR", "AT", "AU", "BE", "BG", "BO", "BR", "CA", "CH", "CL", "CO", "CR", "CY", "CZ", "DE", "DK", "DO", "EC", "EE", "ES", "FI", "FR", "GB", "GR", "GT", "HK", "HN", "HU", "ID", "IE", "IS", "IT", "JP", "LI", "LT", "LU", "LV", "MC", "MT", "MX", "MY", "NI", "NL", "NO", "NZ", "PA", "PE", "PH", "PL", "PT", "PY", "SE", "SG", "SK", "SV", "TH", "TR", "TW", "US", "UY", "VN" ],
      "disc_number" : 1,
      "duration_ms" : 235000,
      "explicit" : false,
      "external_ids" : {
        "isrc" : "GBAHT0900322"
      },
      "external_urls" : {
        "spotify" : "https://open.spotify.com/track/0It6VJoMAare1zdV2wxqZq"
      },
      "href" : "https://api.spotify.com/v1/tracks/0It6VJoMAare1zdV2wxqZq",
      "id" : "0It6VJoMAare1zdV2wxqZq",
      "name" : "Undisclosed Desires",
      "popularity" : 65,
      "preview_url" : "https://p.scdn.co/mp3-preview/b165dfbcf22b1c0e107c6b203b4753103b0059e3?cid=8897482848704f2a8f8d7c79726a70d4",
      "track_number" : 3,
      "type" : "track",
      "uri" : "spotify:track:0It6VJoMAare1zdV2wxqZq"
    }, {
      "album" : {
        "album_type" : "album",
        "artists" : [ {
          "external_urls" : {
            "spotify" : "https://open.spotify.com/artist/2HPaUgqeutzr3jx5a9WyDV"
          },
          "href" : "https://api.spotify.com/v1/artists/2HPaUgqeutzr3jx5a9WyDV",
          "id" : "2HPaUgqeutzr3jx5a9WyDV",
          "name" : "PARTYNEXTDOOR",
          "type" : "artist",
          "uri" : "spotify:artist:2HPaUgqeutzr3jx5a9WyDV"
        } ],
        "available_markets" : [ "AD", "AR", "AT", "AU", "BE", "BG", "BO", "BR", "CA", "CH", "CL", "CO", "CR", "CY", "CZ", "DE", "DK", "DO", "EC", "EE", "ES", "FI", "FR", "GB", "GR", "GT", "HK", "HN", "HU", "ID", "IE", "IS", "IT", "JP", "LI", "LT", "LU", "LV", "MC", "MT", "MX", "MY", "NI", "NL", "NO", "NZ", "PA", "PE", "PH", "PL", "PT", "PY", "SE", "SG", "SK", "SV", "TH", "TR", "TW", "US", "UY", "VN" ],
        "external_urls" : {
          "spotify" : "https://open.spotify.com/album/6s2isojT7rGZUgJyymjjKU"
        },
        "href" : "https://api.spotify.com/v1/albums/6s2isojT7rGZUgJyymjjKU",
        "id" : "6s2isojT7rGZUgJyymjjKU",
        "images" : [ {
          "height" : 640,
          "url" : "https://i.scdn.co/image/93917ef812040cec02cac1b451886c108b2b8648",
          "width" : 640
        }, {
          "height" : 300,
          "url" : "https://i.scdn.co/image/1de2653644245a48cf2af726395696f2e3c3eef1",
          "width" : 300
        }, {
          "height" : 64,
          "url" : "https://i.scdn.co/image/d6dba63caac50a135743003214db7479a5f10bbe",
          "width" : 64
        } ],
        "name" : "PARTYNEXTDOOR TWO",
        "type" : "album",
        "uri" : "spotify:album:6s2isojT7rGZUgJyymjjKU"
      },
      "artists" : [ {
        "external_urls" : {
          "spotify" : "https://open.spotify.com/artist/2HPaUgqeutzr3jx5a9WyDV"
        },
        "href" : "https://api.spotify.com/v1/artists/2HPaUgqeutzr3jx5a9WyDV",
        "id" : "2HPaUgqeutzr3jx5a9WyDV",
        "name" : "PARTYNEXTDOOR",
        "type" : "artist",
        "uri" : "spotify:artist:2HPaUgqeutzr3jx5a9WyDV"
      } ],
      "available_markets" : [ "AD", "AR", "AT", "AU", "BE", "BG", "BO", "BR", "CA", "CH", "CL", "CO", "CR", "CY", "CZ", "DE", "DK", "DO", "EC", "EE", "ES", "FI", "FR", "GB", "GR", "GT", "HK", "HN", "HU", "ID", "IE", "IS", "IT", "JP", "LI", "LT", "LU", "LV", "MC", "MT", "MX", "MY", "NI", "NL", "NO", "NZ", "PA", "PE", "PH", "PL", "PT", "PY", "SE", "SG", "SK", "SV", "TH", "TR", "TW", "US", "UY", "VN" ],
      "disc_number" : 1,
      "duration_ms" : 203324,
      "explicit" : true,
      "external_ids" : {
        "isrc" : "USWB11401870"
      },
      "external_urls" : {
        "spotify" : "https://open.spotify.com/track/41ipOYFGT2MW4dvOPkoK1f"
      },
      "href" : "https://api.spotify.com/v1/tracks/41ipOYFGT2MW4dvOPkoK1f",
      "id" : "41ipOYFGT2MW4dvOPkoK1f",
      "name" : "Muse",
      "popularity" : 49,
      "preview_url" : "https://p.scdn.co/mp3-preview/d03f4da489977e44fe92e95f771b2ace9607fbcc?cid=8897482848704f2a8f8d7c79726a70d4",
      "track_number" : 12,
      "type" : "track",
      "uri" : "spotify:track:41ipOYFGT2MW4dvOPkoK1f"
    }, {
      "album" : {
        "album_type" : "album",
        "artists" : [ {
          "external_urls" : {
            "spotify" : "https://open.spotify.com/artist/6FxuPrpa8phaP3Xn73emhT"
          },
          "href" : "https://api.spotify.com/v1/artists/6FxuPrpa8phaP3Xn73emhT",
          "id" : "6FxuPrpa8phaP3Xn73emhT",
          "name" : "The Wood Brothers",
          "type" : "artist",
          "uri" : "spotify:artist:6FxuPrpa8phaP3Xn73emhT"
        } ],
        "available_markets" : [ "AD", "AR", "AT", "AU", "BE", "BG", "BO", "BR", "CA", "CH", "CL", "CO", "CR", "CY", "CZ", "DE", "DK", "DO", "EC", "EE", "ES", "FI", "FR", "GB", "GR", "GT", "HK", "HN", "HU", "ID", "IE", "IS", "IT", "JP", "LI", "LT", "LU", "LV", "MC", "MT", "MX", "MY", "NI", "NL", "NO", "NZ", "PA", "PE", "PH", "PL", "PT", "PY", "SE", "SG", "SK", "SV", "TH", "TR", "TW", "US", "UY", "VN" ],
        "external_urls" : {
          "spotify" : "https://open.spotify.com/album/2xkAdEXW7nGQAJMptaOk2d"
        },
        "href" : "https://api.spotify.com/v1/albums/2xkAdEXW7nGQAJMptaOk2d",
        "id" : "2xkAdEXW7nGQAJMptaOk2d",
        "images" : [ {
          "height" : 640,
          "url" : "https://i.scdn.co/image/afe446daa20f89d46cf63b5d5c43c2227104f216",
          "width" : 640
        }, {
          "height" : 300,
          "url" : "https://i.scdn.co/image/2a19e9365f480f60243a7bb603b977adea4eb423",
          "width" : 300
        }, {
          "height" : 64,
          "url" : "https://i.scdn.co/image/63099a2357dfa3d7057d20b4fcc910f71d8254da",
          "width" : 64
        } ],
        "name" : "The Muse",
        "type" : "album",
        "uri" : "spotify:album:2xkAdEXW7nGQAJMptaOk2d"
      },
      "artists" : [ {
        "external_urls" : {
          "spotify" : "https://open.spotify.com/artist/6FxuPrpa8phaP3Xn73emhT"
        },
        "href" : "https://api.spotify.com/v1/artists/6FxuPrpa8phaP3Xn73emhT",
        "id" : "6FxuPrpa8phaP3Xn73emhT",
        "name" : "The Wood Brothers",
        "type" : "artist",
        "uri" : "spotify:artist:6FxuPrpa8phaP3Xn73emhT"
      } ],
      "available_markets" : [ "AD", "AR", "AT", "AU", "BE", "BG", "BO", "BR", "CA", "CH", "CL", "CO", "CR", "CY", "CZ", "DE", "DK", "DO", "EC", "EE", "ES", "FI", "FR", "GB", "GR", "GT", "HK", "HN", "HU", "ID", "IE", "IS", "IT", "JP", "LI", "LT", "LU", "LV", "MC", "MT", "MX", "MY", "NI", "NL", "NO", "NZ", "PA", "PE", "PH", "PL", "PT", "PY", "SE", "SG", "SK", "SV", "TH", "TR", "TW", "US", "UY", "VN" ],
      "disc_number" : 1,
      "duration_ms" : 218520,
      "explicit" : false,
      "external_ids" : {
        "isrc" : "QMZ6E1300118"
      },
      "external_urls" : {
        "spotify" : "https://open.spotify.com/track/5NNXPVydz9kE8xOY7ycj4r"
      },
      "href" : "https://api.spotify.com/v1/tracks/5NNXPVydz9kE8xOY7ycj4r",
      "id" : "5NNXPVydz9kE8xOY7ycj4r",
      "name" : "Keep Me Around",
      "popularity" : 51,
      "preview_url" : "https://p.scdn.co/mp3-preview/6df1759631dbe835bfb8ea3cc9adf0e5ea4b30dc?cid=8897482848704f2a8f8d7c79726a70d4",
      "track_number" : 6,
      "type" : "track",
      "uri" : "spotify:track:5NNXPVydz9kE8xOY7ycj4r"
    }, {
      "album" : {
        "album_type" : "album",
        "artists" : [ {
          "external_urls" : {
            "spotify" : "https://open.spotify.com/artist/6FxuPrpa8phaP3Xn73emhT"
          },
          "href" : "https://api.spotify.com/v1/artists/6FxuPrpa8phaP3Xn73emhT",
          "id" : "6FxuPrpa8phaP3Xn73emhT",
          "name" : "The Wood Brothers",
          "type" : "artist",
          "uri" : "spotify:artist:6FxuPrpa8phaP3Xn73emhT"
        } ],
        "available_markets" : [ "AD", "AR", "AT", "AU", "BE", "BG", "BO", "BR", "CA", "CH", "CL", "CO", "CR", "CY", "CZ", "DE", "DK", "DO", "EC", "EE", "ES", "FI", "FR", "GB", "GR", "GT", "HK", "HN", "HU", "ID", "IE", "IS", "IT", "JP", "LI", "LT", "LU", "LV", "MC", "MT", "MX", "MY", "NI", "NL", "NO", "NZ", "PA", "PE", "PH", "PL", "PT", "PY", "SE", "SG", "SK", "SV", "TH", "TR", "TW", "US", "UY", "VN" ],
        "external_urls" : {
          "spotify" : "https://open.spotify.com/album/2xkAdEXW7nGQAJMptaOk2d"
        },
        "href" : "https://api.spotify.com/v1/albums/2xkAdEXW7nGQAJMptaOk2d",
        "id" : "2xkAdEXW7nGQAJMptaOk2d",
        "images" : [ {
          "height" : 640,
          "url" : "https://i.scdn.co/image/afe446daa20f89d46cf63b5d5c43c2227104f216",
          "width" : 640
        }, {
          "height" : 300,
          "url" : "https://i.scdn.co/image/2a19e9365f480f60243a7bb603b977adea4eb423",
          "width" : 300
        }, {
          "height" : 64,
          "url" : "https://i.scdn.co/image/63099a2357dfa3d7057d20b4fcc910f71d8254da",
          "width" : 64
        } ],
        "name" : "The Muse",
        "type" : "album",
        "uri" : "spotify:album:2xkAdEXW7nGQAJMptaOk2d"
      },
      "artists" : [ {
        "external_urls" : {
          "spotify" : "https://open.spotify.com/artist/6FxuPrpa8phaP3Xn73emhT"
        },
        "href" : "https://api.spotify.com/v1/artists/6FxuPrpa8phaP3Xn73emhT",
        "id" : "6FxuPrpa8phaP3Xn73emhT",
        "name" : "The Wood Brothers",
        "type" : "artist",
        "uri" : "spotify:artist:6FxuPrpa8phaP3Xn73emhT"
      } ],
      "available_markets" : [ "AD", "AR", "AT", "AU", "BE", "BG", "BO", "BR", "CA", "CH", "CL", "CO", "CR", "CY", "CZ", "DE", "DK", "DO", "EC", "EE", "ES", "FI", "FR", "GB", "GR", "GT", "HK", "HN", "HU", "ID", "IE", "IS", "IT", "JP", "LI", "LT", "LU", "LV", "MC", "MT", "MX", "MY", "NI", "NL", "NO", "NZ", "PA", "PE", "PH", "PL", "PT", "PY", "SE", "SG", "SK", "SV", "TH", "TR", "TW", "US", "UY", "VN" ],
      "disc_number" : 1,
      "duration_ms" : 221186,
      "explicit" : false,
      "external_ids" : {
        "isrc" : "QMZ6E1300115"
      },
      "external_urls" : {
        "spotify" : "https://open.spotify.com/track/1hkC9kHG980jEfkTmQYB7t"
      },
      "href" : "https://api.spotify.com/v1/tracks/1hkC9kHG980jEfkTmQYB7t",
      "id" : "1hkC9kHG980jEfkTmQYB7t",
      "name" : "Sing About It",
      "popularity" : 52,
      "preview_url" : "https://p.scdn.co/mp3-preview/e6266c7042bcaddae79c7fe6f93b6c233217df11?cid=8897482848704f2a8f8d7c79726a70d4",
      "track_number" : 3,
      "type" : "track",
      "uri" : "spotify:track:1hkC9kHG980jEfkTmQYB7t"
    }, {
      "album" : {
        "album_type" : "album",
        "artists" : [ {
          "external_urls" : {
            "spotify" : "https://open.spotify.com/artist/12Chz98pHFMPJEknJQMWvI"
          },
          "href" : "https://api.spotify.com/v1/artists/12Chz98pHFMPJEknJQMWvI",
          "id" : "12Chz98pHFMPJEknJQMWvI",
          "name" : "Muse",
          "type" : "artist",
          "uri" : "spotify:artist:12Chz98pHFMPJEknJQMWvI"
        } ],
        "available_markets" : [ "AD", "AR", "AT", "AU", "BE", "BG", "BO", "BR", "CA", "CH", "CL", "CO", "CR", "CY", "CZ", "DE", "DK", "DO", "EC", "EE", "ES", "FI", "FR", "GB", "GR", "GT", "HK", "HN", "HU", "ID", "IE", "IS", "IT", "JP", "LI", "LT", "LU", "LV", "MC", "MT", "MX", "MY", "NI", "NL", "NO", "NZ", "PA", "PE", "PH", "PL", "PT", "PY", "SE", "SG", "SK", "SV", "TH", "TR", "TW", "US", "UY", "VN" ],
        "external_urls" : {
          "spotify" : "https://open.spotify.com/album/2wart5Qjnvx1fd7LPdQxgJ"
        },
        "href" : "https://api.spotify.com/v1/albums/2wart5Qjnvx1fd7LPdQxgJ",
        "id" : "2wart5Qjnvx1fd7LPdQxgJ",
        "images" : [ {
          "height" : 640,
          "url" : "https://i.scdn.co/image/849eecf3c9df835181c2970c435ac2d008346ea3",
          "width" : 640
        }, {
          "height" : 300,
          "url" : "https://i.scdn.co/image/8b6392caa83625135f0f53d6e2b0631bbe4c4c0b",
          "width" : 300
        }, {
          "height" : 64,
          "url" : "https://i.scdn.co/image/8978459cc3ad68b39bd6dbda418625b06ba5d80c",
          "width" : 64
        } ],
        "name" : "Drones",
        "type" : "album",
        "uri" : "spotify:album:2wart5Qjnvx1fd7LPdQxgJ"
      },
      "artists" : [ {
        "external_urls" : {
          "spotify" : "https://open.spotify.com/artist/12Chz98pHFMPJEknJQMWvI"
        },
        "href" : "https://api.spotify.com/v1/artists/12Chz98pHFMPJEknJQMWvI",
        "id" : "12Chz98pHFMPJEknJQMWvI",
        "name" : "Muse",
        "type" : "artist",
        "uri" : "spotify:artist:12Chz98pHFMPJEknJQMWvI"
      } ],
      "available_markets" : [ "AD", "AR", "AT", "AU", "BE", "BG", "BO", "BR", "CA", "CH", "CL", "CO", "CR", "CY", "CZ", "DE", "DK", "DO", "EC", "EE", "ES", "FI", "FR", "GB", "GR", "GT", "HK", "HN", "HU", "ID", "IE", "IS", "IT", "JP", "LI", "LT", "LU", "LV", "MC", "MT", "MX", "MY", "NI", "NL", "NO", "NZ", "PA", "PE", "PH", "PL", "PT", "PY", "SE", "SG", "SK", "SV", "TH", "TR", "TW", "US", "UY", "VN" ],
      "disc_number" : 1,
      "duration_ms" : 231973,
      "explicit" : false,
      "external_ids" : {
        "isrc" : "GBAHT1500069"
      },
      "external_urls" : {
        "spotify" : "https://open.spotify.com/track/2qkmPUG7ARsRwhVICQVwQS"
      },
      "href" : "https://api.spotify.com/v1/tracks/2qkmPUG7ARsRwhVICQVwQS",
      "id" : "2qkmPUG7ARsRwhVICQVwQS",
      "name" : "Mercy",
      "popularity" : 61,
      "preview_url" : "https://p.scdn.co/mp3-preview/4032f82781095d6fe3c45da6ea81b50c38b505bc?cid=8897482848704f2a8f8d7c79726a70d4",
      "track_number" : 4,
      "type" : "track",
      "uri" : "spotify:track:2qkmPUG7ARsRwhVICQVwQS"
    }, {
      "album" : {
        "album_type" : "album",
        "artists" : [ {
          "external_urls" : {
            "spotify" : "https://open.spotify.com/artist/12Chz98pHFMPJEknJQMWvI"
          },
          "href" : "https://api.spotify.com/v1/artists/12Chz98pHFMPJEknJQMWvI",
          "id" : "12Chz98pHFMPJEknJQMWvI",
          "name" : "Muse",
          "type" : "artist",
          "uri" : "spotify:artist:12Chz98pHFMPJEknJQMWvI"
        } ],
        "available_markets" : [ "AD", "AR", "AT", "AU", "BE", "BG", "BO", "BR", "CA", "CH", "CL", "CO", "CR", "CY", "CZ", "DE", "DK", "DO", "EC", "EE", "ES", "FI", "FR", "GB", "GR", "GT", "HK", "HN", "HU", "ID", "IE", "IS", "IT", "JP", "LI", "LT", "LU", "LV", "MC", "MT", "MX", "MY", "NI", "NL", "NO", "NZ", "PA", "PE", "PH", "PL", "PT", "PY", "SE", "SG", "SK", "SV", "TH", "TR", "TW", "US", "UY", "VN" ],
        "external_urls" : {
          "spotify" : "https://open.spotify.com/album/2wart5Qjnvx1fd7LPdQxgJ"
        },
        "href" : "https://api.spotify.com/v1/albums/2wart5Qjnvx1fd7LPdQxgJ",
        "id" : "2wart5Qjnvx1fd7LPdQxgJ",
        "images" : [ {
          "height" : 640,
          "url" : "https://i.scdn.co/image/849eecf3c9df835181c2970c435ac2d008346ea3",
          "width" : 640
        }, {
          "height" : 300,
          "url" : "https://i.scdn.co/image/8b6392caa83625135f0f53d6e2b0631bbe4c4c0b",
          "width" : 300
        }, {
          "height" : 64,
          "url" : "https://i.scdn.co/image/8978459cc3ad68b39bd6dbda418625b06ba5d80c",
          "width" : 64
        } ],
        "name" : "Drones",
        "type" : "album",
        "uri" : "spotify:album:2wart5Qjnvx1fd7LPdQxgJ"
      },
      "artists" : [ {
        "external_urls" : {
          "spotify" : "https://open.spotify.com/artist/12Chz98pHFMPJEknJQMWvI"
        },
        "href" : "https://api.spotify.com/v1/artists/12Chz98pHFMPJEknJQMWvI",
        "id" : "12Chz98pHFMPJEknJQMWvI",
        "name" : "Muse",
        "type" : "artist",
        "uri" : "spotify:artist:12Chz98pHFMPJEknJQMWvI"
      } ],
      "available_markets" : [ "AD", "AR", "AT", "AU", "BE", "BG", "BO", "BR", "CA", "CH", "CL", "CO", "CR", "CY", "CZ", "DE", "DK", "DO", "EC", "EE", "ES", "FI", "FR", "GB", "GR", "GT", "HK", "HN", "HU", "ID", "IE", "IS", "IT", "JP", "LI", "LT", "LU", "LV", "MC", "MT", "MX", "MY", "NI", "NL", "NO", "NZ", "PA", "PE", "PH", "PL", "PT", "PY", "SE", "SG", "SK", "SV", "TH", "TR", "TW", "US", "UY", "VN" ],
      "disc_number" : 1,
      "duration_ms" : 262947,
      "explicit" : false,
      "external_ids" : {
        "isrc" : "GBAHT1500066"
      },
      "external_urls" : {
        "spotify" : "https://open.spotify.com/track/2daZovie6pc2ZK7StayD1K"
      },
      "href" : "https://api.spotify.com/v1/tracks/2daZovie6pc2ZK7StayD1K",
      "id" : "2daZovie6pc2ZK7StayD1K",
      "name" : "Dead Inside",
      "popularity" : 61,
      "preview_url" : "https://p.scdn.co/mp3-preview/f3dd36859bbae1f625386ec902fdf2d6682d2bbb?cid=8897482848704f2a8f8d7c79726a70d4",
      "track_number" : 1,
      "type" : "track",
      "uri" : "spotify:track:2daZovie6pc2ZK7StayD1K"
    }, {
      "album" : {
        "album_type" : "album",
        "artists" : [ {
          "external_urls" : {
            "spotify" : "https://open.spotify.com/artist/12Chz98pHFMPJEknJQMWvI"
          },
          "href" : "https://api.spotify.com/v1/artists/12Chz98pHFMPJEknJQMWvI",
          "id" : "12Chz98pHFMPJEknJQMWvI",
          "name" : "Muse",
          "type" : "artist",
          "uri" : "spotify:artist:12Chz98pHFMPJEknJQMWvI"
        } ],
        "available_markets" : [ "AD", "AR", "AT", "AU", "BE", "BG", "BO", "BR", "CA", "CH", "CL", "CO", "CR", "CY", "CZ", "DE", "DK", "DO", "EC", "EE", "ES", "FI", "FR", "GB", "GR", "GT", "HK", "HN", "HU", "ID", "IE", "IS", "IT", "JP", "LI", "LT", "LU", "LV", "MC", "MT", "MX", "MY", "NI", "NL", "NO", "NZ", "PA", "PE", "PH", "PL", "PT", "PY", "SE", "SG", "SK", "SV", "TH", "TR", "TW", "US", "UY", "VN" ],
        "external_urls" : {
          "spotify" : "https://open.spotify.com/album/0eFHYz8NmK75zSplL5qlfM"
        },
        "href" : "https://api.spotify.com/v1/albums/0eFHYz8NmK75zSplL5qlfM",
        "id" : "0eFHYz8NmK75zSplL5qlfM",
        "images" : [ {
          "height" : 640,
          "url" : "https://i.scdn.co/image/6e1be3ceda70250c701caee5a16bef205e94bc98",
          "width" : 640
        }, {
          "height" : 300,
          "url" : "https://i.scdn.co/image/28752dcf4b27ba14c1fc62f04ff469aa53c113d7",
          "width" : 300
        }, {
          "height" : 64,
          "url" : "https://i.scdn.co/image/26098aaa50a3450f0bac8f1a7d7677accf3f3cb6",
          "width" : 64
        } ],
        "name" : "The Resistance",
        "type" : "album",
        "uri" : "spotify:album:0eFHYz8NmK75zSplL5qlfM"
      },
      "artists" : [ {
        "external_urls" : {
          "spotify" : "https://open.spotify.com/artist/12Chz98pHFMPJEknJQMWvI"
        },
        "href" : "https://api.spotify.com/v1/artists/12Chz98pHFMPJEknJQMWvI",
        "id" : "12Chz98pHFMPJEknJQMWvI",
        "name" : "Muse",
        "type" : "artist",
        "uri" : "spotify:artist:12Chz98pHFMPJEknJQMWvI"
      } ],
      "available_markets" : [ "AD", "AR", "AT", "AU", "BE", "BG", "BO", "BR", "CA", "CH", "CL", "CO", "CR", "CY", "CZ", "DE", "DK", "DO", "EC", "EE", "ES", "FI", "FR", "GB", "GR", "GT", "HK", "HN", "HU", "ID", "IE", "IS", "IT", "JP", "LI", "LT", "LU", "LV", "MC", "MT", "MX", "MY", "NI", "NL", "NO", "NZ", "PA", "PE", "PH", "PL", "PT", "PY", "SE", "SG", "SK", "SV", "TH", "TR", "TW", "US", "UY", "VN" ],
      "disc_number" : 1,
      "duration_ms" : 346693,
      "explicit" : false,
      "external_ids" : {
        "isrc" : "GBAHT0900321"
      },
      "external_urls" : {
        "spotify" : "https://open.spotify.com/track/1C2QJNTmsTxCDBuIgai8QV"
      },
      "href" : "https://api.spotify.com/v1/tracks/1C2QJNTmsTxCDBuIgai8QV",
      "id" : "1C2QJNTmsTxCDBuIgai8QV",
      "name" : "Resistance",
      "popularity" : 61,
      "preview_url" : "https://p.scdn.co/mp3-preview/0315c9a912bb831fd2d2f473bc4ab178ac30ec8c?cid=8897482848704f2a8f8d7c79726a70d4",
      "track_number" : 2,
      "type" : "track",
      "uri" : "spotify:track:1C2QJNTmsTxCDBuIgai8QV"
    }, {
      "album" : {
        "album_type" : "album",
        "artists" : [ {
          "external_urls" : {
            "spotify" : "https://open.spotify.com/artist/12Chz98pHFMPJEknJQMWvI"
          },
          "href" : "https://api.spotify.com/v1/artists/12Chz98pHFMPJEknJQMWvI",
          "id" : "12Chz98pHFMPJEknJQMWvI",
          "name" : "Muse",
          "type" : "artist",
          "uri" : "spotify:artist:12Chz98pHFMPJEknJQMWvI"
        } ],
        "available_markets" : [ "AD", "AR", "AT", "AU", "BE", "BG", "BO", "BR", "CA", "CH", "CL", "CO", "CR", "CY", "CZ", "DE", "DK", "DO", "EC", "EE", "ES", "FI", "FR", "GB", "GR", "GT", "HK", "HN", "HU", "ID", "IE", "IS", "IT", "JP", "LI", "LT", "LU", "LV", "MC", "MT", "MX", "MY", "NI", "NL", "NO", "NZ", "PA", "PE", "PH", "PL", "PT", "PY", "SE", "SG", "SK", "SV", "TH", "TR", "TW", "US", "UY", "VN" ],
        "external_urls" : {
          "spotify" : "https://open.spotify.com/album/1AP6uGYHdakRgwuWQsP5pK"
        },
        "href" : "https://api.spotify.com/v1/albums/1AP6uGYHdakRgwuWQsP5pK",
        "id" : "1AP6uGYHdakRgwuWQsP5pK",
        "images" : [ {
          "height" : 640,
          "url" : "https://i.scdn.co/image/ecb609f80a433a4bcf06c42e69821772140f0632",
          "width" : 640
        }, {
          "height" : 300,
          "url" : "https://i.scdn.co/image/1df08bc3fac0a95d783417bddba0bba9a1da579d",
          "width" : 300
        }, {
          "height" : 64,
          "url" : "https://i.scdn.co/image/ea2eabc1ce63838531d746386cac28d2f9e3ce4c",
          "width" : 64
        } ],
        "name" : "Origin Of Symmetry (New 09 version)",
        "type" : "album",
        "uri" : "spotify:album:1AP6uGYHdakRgwuWQsP5pK"
      },
      "artists" : [ {
        "external_urls" : {
          "spotify" : "https://open.spotify.com/artist/12Chz98pHFMPJEknJQMWvI"
        },
        "href" : "https://api.spotify.com/v1/artists/12Chz98pHFMPJEknJQMWvI",
        "id" : "12Chz98pHFMPJEknJQMWvI",
        "name" : "Muse",
        "type" : "artist",
        "uri" : "spotify:artist:12Chz98pHFMPJEknJQMWvI"
      } ],
      "available_markets" : [ "AD", "AR", "AT", "AU", "BE", "BG", "BO", "BR", "CA", "CH", "CL", "CO", "CR", "CY", "CZ", "DE", "DK", "DO", "EC", "EE", "ES", "FI", "FR", "GB", "GR", "GT", "HK", "HN", "HU", "ID", "IE", "IS", "IT", "JP", "LI", "LT", "LU", "LV", "MC", "MT", "MX", "MY", "NI", "NL", "NO", "NZ", "PA", "PE", "PH", "PL", "PT", "PY", "SE", "SG", "SK", "SV", "TH", "TR", "TW", "US", "UY", "VN" ],
      "disc_number" : 1,
      "duration_ms" : 218000,
      "explicit" : false,
      "external_ids" : {
        "isrc" : "GBCVT0000025"
      },
      "external_urls" : {
        "spotify" : "https://open.spotify.com/track/429MqIq5nGH32feyRZHunv"
      },
      "href" : "https://api.spotify.com/v1/tracks/429MqIq5nGH32feyRZHunv",
      "id" : "429MqIq5nGH32feyRZHunv",
      "name" : "Plug In Baby",
      "popularity" : 50,
      "preview_url" : "https://p.scdn.co/mp3-preview/61726c38fc9e4b262bdc5ef805dcb844b58b827e?cid=8897482848704f2a8f8d7c79726a70d4",
      "track_number" : 5,
      "type" : "track",
      "uri" : "spotify:track:429MqIq5nGH32feyRZHunv"
    }, {
      "album" : {
        "album_type" : "album",
        "artists" : [ {
          "external_urls" : {
            "spotify" : "https://open.spotify.com/artist/12Chz98pHFMPJEknJQMWvI"
          },
          "href" : "https://api.spotify.com/v1/artists/12Chz98pHFMPJEknJQMWvI",
          "id" : "12Chz98pHFMPJEknJQMWvI",
          "name" : "Muse",
          "type" : "artist",
          "uri" : "spotify:artist:12Chz98pHFMPJEknJQMWvI"
        } ],
        "available_markets" : [ "AD", "AR", "AT", "AU", "BE", "BG", "BO", "BR", "CA", "CH", "CL", "CO", "CR", "CY", "CZ", "DE", "DK", "DO", "EC", "EE", "ES", "FI", "FR", "GB", "GR", "GT", "HK", "HN", "HU", "ID", "IE", "IS", "IT", "JP", "LI", "LT", "LU", "LV", "MC", "MT", "MX", "MY", "NI", "NL", "NO", "NZ", "PA", "PE", "PH", "PL", "PT", "PY", "SE", "SG", "SK", "SV", "TH", "TR", "TW", "US", "UY", "VN" ],
        "external_urls" : {
          "spotify" : "https://open.spotify.com/album/2wart5Qjnvx1fd7LPdQxgJ"
        },
        "href" : "https://api.spotify.com/v1/albums/2wart5Qjnvx1fd7LPdQxgJ",
        "id" : "2wart5Qjnvx1fd7LPdQxgJ",
        "images" : [ {
          "height" : 640,
          "url" : "https://i.scdn.co/image/849eecf3c9df835181c2970c435ac2d008346ea3",
          "width" : 640
        }, {
          "height" : 300,
          "url" : "https://i.scdn.co/image/8b6392caa83625135f0f53d6e2b0631bbe4c4c0b",
          "width" : 300
        }, {
          "height" : 64,
          "url" : "https://i.scdn.co/image/8978459cc3ad68b39bd6dbda418625b06ba5d80c",
          "width" : 64
        } ],
        "name" : "Drones",
        "type" : "album",
        "uri" : "spotify:album:2wart5Qjnvx1fd7LPdQxgJ"
      },
      "artists" : [ {
        "external_urls" : {
          "spotify" : "https://open.spotify.com/artist/12Chz98pHFMPJEknJQMWvI"
        },
        "href" : "https://api.spotify.com/v1/artists/12Chz98pHFMPJEknJQMWvI",
        "id" : "12Chz98pHFMPJEknJQMWvI",
        "name" : "Muse",
        "type" : "artist",
        "uri" : "spotify:artist:12Chz98pHFMPJEknJQMWvI"
      } ],
      "available_markets" : [ "AD", "AR", "AT", "AU", "BE", "BG", "BO", "BR", "CA", "CH", "CL", "CO", "CR", "CY", "CZ", "DE", "DK", "DO", "EC", "EE", "ES", "FI", "FR", "GB", "GR", "GT", "HK", "HN", "HU", "ID", "IE", "IS", "IT", "JP", "LI", "LT", "LU", "LV", "MC", "MT", "MX", "MY", "NI", "NL", "NO", "NZ", "PA", "PE", "PH", "PL", "PT", "PY", "SE", "SG", "SK", "SV", "TH", "TR", "TW", "US", "UY", "VN" ],
      "disc_number" : 1,
      "duration_ms" : 359520,
      "explicit" : false,
      "external_ids" : {
        "isrc" : "GBAHT1500070"
      },
      "external_urls" : {
        "spotify" : "https://open.spotify.com/track/1244xKUG27TnmQhUJlo3gU"
      },
      "href" : "https://api.spotify.com/v1/tracks/1244xKUG27TnmQhUJlo3gU",
      "id" : "1244xKUG27TnmQhUJlo3gU",
      "name" : "Reapers",
      "popularity" : 59,
      "preview_url" : "https://p.scdn.co/mp3-preview/79b0e76ba6261987e9809210b912f8f2100b6d85?cid=8897482848704f2a8f8d7c79726a70d4",
      "track_number" : 5,
      "type" : "track",
      "uri" : "spotify:track:1244xKUG27TnmQhUJlo3gU"
    } ],
    "limit" : 20,
    "next" : "https://api.spotify.com/v1/search?query=Muse&type=track&market=US&offset=20&limit=20",
    "offset" : 0,
    "previous" : null,
    "total" : 10949
  }
}
