{
  "kind": "youtube#searchListResponse",
  "etag": "\"7991kDR-QPaa9r0pePmDjBEa2h8/Dts7Ho0_hwDheahtYxjnRoJVYMw\"",
  "nextPageToken": "CBkQAA",
  "regionCode": "US",
  "pageInfo": {
    "totalResults": 1000000,
    "resultsPerPage": 25
  },
  "items": [
    {
      "kind": "youtube#searchResult",
      "etag": "\"7991kDR-QPaa9r0pePmDjBEa2h8/5fRJgJ2y0FQeFrW3VfhbtmV7LEc\"",
      "id": {
        "kind": "youtube#channel",
        "channelId": "UCLXo7UDZvByw2ixzpQCufnA"
      },
      "snippet": {
        "publishedAt": "2014-03-04T20:30:22.000Z",
        "channelId": "UCLXo7UDZvByw2ixzpQCufnA",
        "title": "Vox",
        "description": "Vox helps you cut through the noise and understand what's driving events in the headlines and in our lives, on everything from Taxes to Terrorism to Taylor Swift.",
        "thumbnails": {
          "default": {
            "url": "https://yt3.ggpht.com/-moy7q66uDVs/AAAAAAAAAAI/AAAAAAAAAAA/3kiAD7O0Q_E/s88-c-k-no-mo-rj-c0xffffff/photo.jpg"
          },
          "medium": {
            "url": "https://yt3.ggpht.com/-moy7q66uDVs/AAAAAAAAAAI/AAAAAAAAAAA/3kiAD7O0Q_E/s240-c-k-no-mo-rj-c0xffffff/photo.jpg"
          },
          "high": {
            "url": "https://yt3.ggpht.com/-moy7q66uDVs/AAAAAAAAAAI/AAAAAAAAAAA/3kiAD7O0Q_E/s240-c-k-no-mo-rj-c0xffffff/photo.jpg"
          }
        },
        "channelTitle": "Vox",
        "liveBroadcastContent": "none"
      }
    },
    {
      "kind": "youtube#searchResult",
      "etag": "\"7991kDR-QPaa9r0pePmDjBEa2h8/n_44SiukhEJP-EmBcQZtLFgItS0\"",
      "id": {
        "kind": "youtube#video",
        "videoId": "5YU9djt_CQM"
      },
      "snippet": {
        "publishedAt": "2016-05-20T13:11:54.000Z",
        "channelId": "UCLXo7UDZvByw2ixzpQCufnA",
        "title": "Authoritarianism: The political science that explains Trump",
        "description": "The obscure research that predicted Donald Trump. For more, read Amanda Taub's feature \"The rise of American authoritarianism\": ...",
        "thumbnails": {
          "default": {
            "url": "https://i.ytimg.com/vi/5YU9djt_CQM/default.jpg",
            "width": 120,
            "height": 90
          },
          "medium": {
            "url": "https://i.ytimg.com/vi/5YU9djt_CQM/mqdefault.jpg",
            "width": 320,
            "height": 180
          },
          "high": {
            "url": "https://i.ytimg.com/vi/5YU9djt_CQM/hqdefault.jpg",
            "width": 480,
            "height": 360
          }
        },
        "channelTitle": "Vox",
        "liveBroadcastContent": "none"
      }
    },
    {
      "kind": "youtube#searchResult",
      "etag": "\"7991kDR-QPaa9r0pePmDjBEa2h8/cZv4-uBtxVUg0zwfPW7fnbKYIks\"",
      "id": {
        "kind": "youtube#playlist",
        "playlistId": "PLJ8cMiYb3G5d-BYhxNlzr4Nj4RZuljssq"
      },
      "snippet": {
        "publishedAt": "2015-02-09T05:31:13.000Z",
        "channelId": "UCLXo7UDZvByw2ixzpQCufnA",
        "title": "Best of Vox",
        "description": "",
        "thumbnails": {
          "default": {
            "url": "https://i.ytimg.com/vi/QWveXdj6oZU/default.jpg",
            "width": 120,
            "height": 90
          },
          "medium": {
            "url": "https://i.ytimg.com/vi/QWveXdj6oZU/mqdefault.jpg",
            "width": 320,
            "height": 180
          },
          "high": {
            "url": "https://i.ytimg.com/vi/QWveXdj6oZU/hqdefault.jpg",
            "width": 480,
            "height": 360
          }
        },
        "channelTitle": "Vox",
        "liveBroadcastContent": "none"
      }
    },
    {
      "kind": "youtube#searchResult",
      "etag": "\"7991kDR-QPaa9r0pePmDjBEa2h8/8Q2pClrmwebFuGWgk9fUqBDPCoY\"",
      "id": {
        "kind": "youtube#video",
        "videoId": "SENzTt3ftiU"
      },
      "snippet": {
        "publishedAt": "2017-12-06T12:53:58.000Z",
        "channelId": "UCLXo7UDZvByw2ixzpQCufnA",
        "title": "How this legendary hip-hop producer humanized a machine",
        "description": "J Dilla made his MPC3000 musical. Subscribe to our channel! http://goo.gl/0bsAjO There's a halo of reverence around J Dilla, a producer and beatmaker from ...",
        "thumbnails": {
          "default": {
            "url": "https://i.ytimg.com/vi/SENzTt3ftiU/default.jpg",
            "width": 120,
            "height": 90
          },
          "medium": {
            "url": "https://i.ytimg.com/vi/SENzTt3ftiU/mqdefault.jpg",
            "width": 320,
            "height": 180
          },
          "high": {
            "url": "https://i.ytimg.com/vi/SENzTt3ftiU/hqdefault.jpg",
            "width": 480,
            "height": 360
          }
        },
        "channelTitle": "Vox",
        "liveBroadcastContent": "none"
      }
    },
    {
      "kind": "youtube#searchResult",
      "etag": "\"7991kDR-QPaa9r0pePmDjBEa2h8/ngYaoKCfFLqtme0PVEOBFge_0H4\"",
      "id": {
        "kind": "youtube#video",
        "videoId": "a-4_6bThk2E"
      },
      "snippet": {
        "publishedAt": "2017-12-04T14:09:43.000Z",
        "channelId": "UCLXo7UDZvByw2ixzpQCufnA",
        "title": "The fight to make bad jobs better",
        "description": "It's easy to find a job, just not a good one. Sources: https://www.brookings.edu/wp-content/uploads/2016/06/04_jobs_autor.pdf ...",
        "thumbnails": {
          "default": {
            "url": "https://i.ytimg.com/vi/a-4_6bThk2E/default.jpg",
            "width": 120,
            "height": 90
          },
          "medium": {
            "url": "https://i.ytimg.com/vi/a-4_6bThk2E/mqdefault.jpg",
            "width": 320,
            "height": 180
          },
          "high": {
            "url": "https://i.ytimg.com/vi/a-4_6bThk2E/hqdefault.jpg",
            "width": 480,
            "height": 360
          }
        },
        "channelTitle": "Vox",
        "liveBroadcastContent": "none"
      }
    },
    {
      "kind": "youtube#searchResult",
      "etag": "\"7991kDR-QPaa9r0pePmDjBEa2h8/_jYuJ2DgLeIKw15kRkrKLsdJNls\"",
      "id": {
        "kind": "youtube#video",
        "videoId": "QMbHLF_zwjs"
      },
      "snippet": {
        "publishedAt": "2016-07-08T13:52:58.000Z",
        "channelId": "UCLXo7UDZvByw2ixzpQCufnA",
        "title": "Why no aquarium has a great white shark",
        "description": "Many have tried to keep a white shark in captivity. Here's why that's so difficult. There are several aquariums around the world, including one in Georgia, that ...",
        "thumbnails": {
          "default": {
            "url": "https://i.ytimg.com/vi/QMbHLF_zwjs/default.jpg",
            "width": 120,
            "height": 90
          },
          "medium": {
            "url": "https://i.ytimg.com/vi/QMbHLF_zwjs/mqdefault.jpg",
            "width": 320,
            "height": 180
          },
          "high": {
            "url": "https://i.ytimg.com/vi/QMbHLF_zwjs/hqdefault.jpg",
            "width": 480,
            "height": 360
          }
        },
        "channelTitle": "Vox",
        "liveBroadcastContent": "none"
      }
    },
    {
      "kind": "youtube#searchResult",
      "etag": "\"7991kDR-QPaa9r0pePmDjBEa2h8/31LnFgA9Xl-ZpJIxZRgc-0gfCVg\"",
      "id": {
        "kind": "youtube#video",
        "videoId": "18lf1kpBgRk"
      },
      "snippet": {
        "publishedAt": "2015-07-06T17:47:02.000Z",
        "channelId": "UCLXo7UDZvByw2ixzpQCufnA",
        "title": "ISIS videos are sickening. They’re also really effective.",
        "description": "ISIS Propaganda is terrible to most people. But it has been a key component to the group's recruiting success. Subscribe to our channel! http://goo.gl/0bsAjO ...",
        "thumbnails": {
          "default": {
            "url": "https://i.ytimg.com/vi/18lf1kpBgRk/default.jpg",
            "width": 120,
            "height": 90
          },
          "medium": {
            "url": "https://i.ytimg.com/vi/18lf1kpBgRk/mqdefault.jpg",
            "width": 320,
            "height": 180
          },
          "high": {
            "url": "https://i.ytimg.com/vi/18lf1kpBgRk/hqdefault.jpg",
            "width": 480,
            "height": 360
          }
        },
        "channelTitle": "Vox",
        "liveBroadcastContent": "none"
      }
    },
    {
      "kind": "youtube#searchResult",
      "etag": "\"7991kDR-QPaa9r0pePmDjBEa2h8/GMUaj3zA4q6FgcCcnGDWMqiUzL8\"",
      "id": {
        "kind": "youtube#video",
        "videoId": "kIID5FDi2JQ"
      },
      "snippet": {
        "publishedAt": "2016-12-02T12:15:57.000Z",
        "channelId": "UCLXo7UDZvByw2ixzpQCufnA",
        "title": "Why all world maps are wrong",
        "description": "Making accurate world maps is mathematically impossible. Subscribe to our channel! http://goo.gl/0bsAjO Interact with projections: ...",
        "thumbnails": {
          "default": {
            "url": "https://i.ytimg.com/vi/kIID5FDi2JQ/default.jpg",
            "width": 120,
            "height": 90
          },
          "medium": {
            "url": "https://i.ytimg.com/vi/kIID5FDi2JQ/mqdefault.jpg",
            "width": 320,
            "height": 180
          },
          "high": {
            "url": "https://i.ytimg.com/vi/kIID5FDi2JQ/hqdefault.jpg",
            "width": 480,
            "height": 360
          }
        },
        "channelTitle": "Vox",
        "liveBroadcastContent": "none"
      }
    },
    {
      "kind": "youtube#searchResult",
      "etag": "\"7991kDR-QPaa9r0pePmDjBEa2h8/3rWebHcp8KElIor6PNr-GAlpwJE\"",
      "id": {
        "kind": "youtube#video",
        "videoId": "k1vE_LVBx4s"
      },
      "snippet": {
        "publishedAt": "2017-10-09T12:00:03.000Z",
        "channelId": "UCLXo7UDZvByw2ixzpQCufnA",
        "title": "How tax breaks help the rich",
        "description": "The US has a problem with income inequality. The current tax code makes it worse. Correction: At 2:20, we say that the Glenstone Museum is only open for ...",
        "thumbnails": {
          "default": {
            "url": "https://i.ytimg.com/vi/k1vE_LVBx4s/default.jpg",
            "width": 120,
            "height": 90
          },
          "medium": {
            "url": "https://i.ytimg.com/vi/k1vE_LVBx4s/mqdefault.jpg",
            "width": 320,
            "height": 180
          },
          "high": {
            "url": "https://i.ytimg.com/vi/k1vE_LVBx4s/hqdefault.jpg",
            "width": 480,
            "height": 360
          }
        },
        "channelTitle": "Vox",
        "liveBroadcastContent": "none"
      }
    },
    {
      "kind": "youtube#searchResult",
      "etag": "\"7991kDR-QPaa9r0pePmDjBEa2h8/FX0j_JndLRJxn1Tw8MclvpwoUOg\"",
      "id": {
        "kind": "youtube#video",
        "videoId": "7QwlT5f7H1c"
      },
      "snippet": {
        "publishedAt": "2016-08-03T12:13:00.000Z",
        "channelId": "UCLXo7UDZvByw2ixzpQCufnA",
        "title": "Why women’s clothing sizes don’t make sense",
        "description": "Women's clothing sizes are very inconsistent. So no, it's not you. It's the women's clothing industry. Subscribe to our channel! http://goo.gl/0bsAjO Vox.com is a ...",
        "thumbnails": {
          "default": {
            "url": "https://i.ytimg.com/vi/7QwlT5f7H1c/default.jpg",
            "width": 120,
            "height": 90
          },
          "medium": {
            "url": "https://i.ytimg.com/vi/7QwlT5f7H1c/mqdefault.jpg",
            "width": 320,
            "height": 180
          },
          "high": {
            "url": "https://i.ytimg.com/vi/7QwlT5f7H1c/hqdefault.jpg",
            "width": 480,
            "height": 360
          }
        },
        "channelTitle": "Vox",
        "liveBroadcastContent": "none"
      }
    },
    {
      "kind": "youtube#searchResult",
      "etag": "\"7991kDR-QPaa9r0pePmDjBEa2h8/DvPqgUxp7tUtdHNo_M5Fsy7gif4\"",
      "id": {
        "kind": "youtube#video",
        "videoId": "QHscMam4W7s"
      },
      "snippet": {
        "publishedAt": "2017-03-13T12:01:36.000Z",
        "channelId": "UCLXo7UDZvByw2ixzpQCufnA",
        "title": "Meet the designer cats with wild blood",
        "description": "Bengals, Savannahs, and Toygers, explained. Subscribe to our channel! http://goo.gl/0bsAjO Vox.com is a news website that helps you cut through the noise ...",
        "thumbnails": {
          "default": {
            "url": "https://i.ytimg.com/vi/QHscMam4W7s/default.jpg",
            "width": 120,
            "height": 90
          },
          "medium": {
            "url": "https://i.ytimg.com/vi/QHscMam4W7s/mqdefault.jpg",
            "width": 320,
            "height": 180
          },
          "high": {
            "url": "https://i.ytimg.com/vi/QHscMam4W7s/hqdefault.jpg",
            "width": 480,
            "height": 360
          }
        },
        "channelTitle": "Vox",
        "liveBroadcastContent": "none"
      }
    },
    {
      "kind": "youtube#searchResult",
      "etag": "\"7991kDR-QPaa9r0pePmDjBEa2h8/lXjAxDpiH5m9FKJmWvXmSKGwwtI\"",
      "id": {
        "kind": "youtube#video",
        "videoId": "EHrrjQ-zVO0"
      },
      "snippet": {
        "publishedAt": "2016-01-19T16:14:37.000Z",
        "channelId": "UCLXo7UDZvByw2ixzpQCufnA",
        "title": "The video the Illuminati doesn’t want you to see",
        "description": "Find more background here: http://www.vox.com/2015/5/19/8624675/what-is-the-real-illuminati Vox's Phil Edwards investigates the real Δ. The Illuminati is ...",
        "thumbnails": {
          "default": {
            "url": "https://i.ytimg.com/vi/EHrrjQ-zVO0/default.jpg",
            "width": 120,
            "height": 90
          },
          "medium": {
            "url": "https://i.ytimg.com/vi/EHrrjQ-zVO0/mqdefault.jpg",
            "width": 320,
            "height": 180
          },
          "high": {
            "url": "https://i.ytimg.com/vi/EHrrjQ-zVO0/hqdefault.jpg",
            "width": 480,
            "height": 360
          }
        },
        "channelTitle": "Vox",
        "liveBroadcastContent": "none"
      }
    },
    {
      "kind": "youtube#searchResult",
      "etag": "\"7991kDR-QPaa9r0pePmDjBEa2h8/a5_PTpRUst4NPxxBXixgNSzTTHU\"",
      "id": {
        "kind": "youtube#video",
        "videoId": "3eKBiEeag1A"
      },
      "snippet": {
        "publishedAt": "2017-08-21T12:53:42.000Z",
        "channelId": "UCLXo7UDZvByw2ixzpQCufnA",
        "title": "How an MS Paint artist made this picture",
        "description": "Pat Hines used MS Paint for all the illustrations in his book. Here's how. Check out Pat's work here: http://facebook.com/campredblood ...",
        "thumbnails": {
          "default": {
            "url": "https://i.ytimg.com/vi/3eKBiEeag1A/default.jpg",
            "width": 120,
            "height": 90
          },
          "medium": {
            "url": "https://i.ytimg.com/vi/3eKBiEeag1A/mqdefault.jpg",
            "width": 320,
            "height": 180
          },
          "high": {
            "url": "https://i.ytimg.com/vi/3eKBiEeag1A/hqdefault.jpg",
            "width": 480,
            "height": 360
          }
        },
        "channelTitle": "Vox",
        "liveBroadcastContent": "none"
      }
    },
    {
      "kind": "youtube#searchResult",
      "etag": "\"7991kDR-QPaa9r0pePmDjBEa2h8/Nc4SHEX0JVMPMaWfDURWickf-IU\"",
      "id": {
        "kind": "youtube#video",
        "videoId": "6RlxySFrkIM"
      },
      "snippet": {
        "publishedAt": "2017-05-10T13:00:00.000Z",
        "channelId": "UCLXo7UDZvByw2ixzpQCufnA",
        "title": "Food waste is the world's dumbest problem",
        "description": "Eat your peas! It's the easiest way to fight climate change. This is the fourth episode of Climate Lab, a six-part series produced by the University of California in ...",
        "thumbnails": {
          "default": {
            "url": "https://i.ytimg.com/vi/6RlxySFrkIM/default.jpg",
            "width": 120,
            "height": 90
          },
          "medium": {
            "url": "https://i.ytimg.com/vi/6RlxySFrkIM/mqdefault.jpg",
            "width": 320,
            "height": 180
          },
          "high": {
            "url": "https://i.ytimg.com/vi/6RlxySFrkIM/hqdefault.jpg",
            "width": 480,
            "height": 360
          }
        },
        "channelTitle": "Vox",
        "liveBroadcastContent": "none"
      }
    },
    {
      "kind": "youtube#searchResult",
      "etag": "\"7991kDR-QPaa9r0pePmDjBEa2h8/2T16Og2mtFAFykBt6yBOD8XpoQ0\"",
      "id": {
        "kind": "youtube#channel",
        "channelId": "UCr-gTfI7au9UaEjNCbnp_Nw"
      },
      "snippet": {
        "publishedAt": "2014-03-14T13:12:26.000Z",
        "channelId": "UCr-gTfI7au9UaEjNCbnp_Nw",
        "title": "Vidya Vox",
        "description": "Hey guys, I'm Vidya Vox! Welcome to my YouTube channel :) I'm so excited to share my original music, mashups and covers with you. My music fuses many ...",
        "thumbnails": {
          "default": {
            "url": "https://yt3.ggpht.com/-Q-dvKsbFGbo/AAAAAAAAAAI/AAAAAAAAAAA/jZKh3hzajAM/s88-c-k-no-mo-rj-c0xffffff/photo.jpg"
          },
          "medium": {
            "url": "https://yt3.ggpht.com/-Q-dvKsbFGbo/AAAAAAAAAAI/AAAAAAAAAAA/jZKh3hzajAM/s240-c-k-no-mo-rj-c0xffffff/photo.jpg"
          },
          "high": {
            "url": "https://yt3.ggpht.com/-Q-dvKsbFGbo/AAAAAAAAAAI/AAAAAAAAAAA/jZKh3hzajAM/s240-c-k-no-mo-rj-c0xffffff/photo.jpg"
          }
        },
        "channelTitle": "Vidya Vox",
        "liveBroadcastContent": "upcoming"
      }
    },
    {
      "kind": "youtube#searchResult",
      "etag": "\"7991kDR-QPaa9r0pePmDjBEa2h8/JtxzORboIQqPqtPmokOmUQcN1Ws\"",
      "id": {
        "kind": "youtube#video",
        "videoId": "XDUxYxHU3CY"
      },
      "snippet": {
        "publishedAt": "2017-07-09T02:08:00.000Z",
        "channelId": "UCr-gTfI7au9UaEjNCbnp_Nw",
        "title": "Vidya Vox - Diamonds (ft. Arjun) (Official Video)",
        "description": "Official video for the original single \"Diamonds\" by Vidya Vox ft. Arjun, from Kuthu Fire EP: http://apple.co/2w2bc6l Get it on iTunes: http://bit.ly/iTunesDiamonds ...",
        "thumbnails": {
          "default": {
            "url": "https://i.ytimg.com/vi/XDUxYxHU3CY/default.jpg",
            "width": 120,
            "height": 90
          },
          "medium": {
            "url": "https://i.ytimg.com/vi/XDUxYxHU3CY/mqdefault.jpg",
            "width": 320,
            "height": 180
          },
          "high": {
            "url": "https://i.ytimg.com/vi/XDUxYxHU3CY/hqdefault.jpg",
            "width": 480,
            "height": 360
          }
        },
        "channelTitle": "Vidya Vox",
        "liveBroadcastContent": "none"
      }
    },
    {
      "kind": "youtube#searchResult",
      "etag": "\"7991kDR-QPaa9r0pePmDjBEa2h8/XqUclKTC-6BWNNNsMSJx2t0jHac\"",
      "id": {
        "kind": "youtube#video",
        "videoId": "TVTnwSAFNsQ"
      },
      "snippet": {
        "publishedAt": "2017-10-18T11:08:11.000Z",
        "channelId": "UCLXo7UDZvByw2ixzpQCufnA",
        "title": "How drug companies make you buy more medicine than you need",
        "description": "They make eye drops too big -- and make you pay for the waste. This is our first installment in our collaboration with ProPublica. Check out the full piece at ...",
        "thumbnails": {
          "default": {
            "url": "https://i.ytimg.com/vi/TVTnwSAFNsQ/default.jpg",
            "width": 120,
            "height": 90
          },
          "medium": {
            "url": "https://i.ytimg.com/vi/TVTnwSAFNsQ/mqdefault.jpg",
            "width": 320,
            "height": 180
          },
          "high": {
            "url": "https://i.ytimg.com/vi/TVTnwSAFNsQ/hqdefault.jpg",
            "width": 480,
            "height": 360
          }
        },
        "channelTitle": "Vox",
        "liveBroadcastContent": "none"
      }
    },
    {
      "kind": "youtube#searchResult",
      "etag": "\"7991kDR-QPaa9r0pePmDjBEa2h8/_JmwAWpIs-HT2sm1HuNozTTt698\"",
      "id": {
        "kind": "youtube#video",
        "videoId": "flM0NTYtees"
      },
      "snippet": {
        "publishedAt": "2015-03-11T15:38:44.000Z",
        "channelId": "UCLXo7UDZvByw2ixzpQCufnA",
        "title": "The best cat videos come from the wild",
        "description": "These gorgeous cat videos come from camera traps -- the motion-sensing cameras that researchers are using to monitor endangered and elusive animals.",
        "thumbnails": {
          "default": {
            "url": "https://i.ytimg.com/vi/flM0NTYtees/default.jpg",
            "width": 120,
            "height": 90
          },
          "medium": {
            "url": "https://i.ytimg.com/vi/flM0NTYtees/mqdefault.jpg",
            "width": 320,
            "height": 180
          },
          "high": {
            "url": "https://i.ytimg.com/vi/flM0NTYtees/hqdefault.jpg",
            "width": 480,
            "height": 360
          }
        },
        "channelTitle": "Vox",
        "liveBroadcastContent": "none"
      }
    },
    {
      "kind": "youtube#searchResult",
      "etag": "\"7991kDR-QPaa9r0pePmDjBEa2h8/HGWqnkXRQHL3sKEZl8syP4UJHYI\"",
      "id": {
        "kind": "youtube#video",
        "videoId": "XwNUmnDu1r8"
      },
      "snippet": {
        "publishedAt": "2015-07-22T15:59:45.000Z",
        "channelId": "UCLXo7UDZvByw2ixzpQCufnA",
        "title": "How a 15-year-old solved a Rubik's Cube in 5.25 seconds",
        "description": "Rubik's Cube world record-holder Collin Burns tells us how he did it. Subscribe to our channel! http://goo.gl/0bsAjO YouTube sources: Collin Burns ...",
        "thumbnails": {
          "default": {
            "url": "https://i.ytimg.com/vi/XwNUmnDu1r8/default.jpg",
            "width": 120,
            "height": 90
          },
          "medium": {
            "url": "https://i.ytimg.com/vi/XwNUmnDu1r8/mqdefault.jpg",
            "width": 320,
            "height": 180
          },
          "high": {
            "url": "https://i.ytimg.com/vi/XwNUmnDu1r8/hqdefault.jpg",
            "width": 480,
            "height": 360
          }
        },
        "channelTitle": "Vox",
        "liveBroadcastContent": "none"
      }
    },
    {
      "kind": "youtube#searchResult",
      "etag": "\"7991kDR-QPaa9r0pePmDjBEa2h8/qaLagHiiM_gRPE2GLSJttAVSHPM\"",
      "id": {
        "kind": "youtube#playlist",
        "playlistId": "PLFLRetgr__CkYBXntoDlbmyfI2C_HBHw3"
      },
      "snippet": {
        "publishedAt": "2017-09-15T20:31:57.000Z",
        "channelId": "UCBU5ZGKbBrpMkDudvGfqGlw",
        "title": "Vox Videos Deconstructing Hip-Hop",
        "description": "",
        "thumbnails": {
          "default": {
            "url": "https://i.ytimg.com/vi/QWveXdj6oZU/default.jpg",
            "width": 120,
            "height": 90
          },
          "medium": {
            "url": "https://i.ytimg.com/vi/QWveXdj6oZU/mqdefault.jpg",
            "width": 320,
            "height": 180
          },
          "high": {
            "url": "https://i.ytimg.com/vi/QWveXdj6oZU/hqdefault.jpg",
            "width": 480,
            "height": 360
          }
        },
        "channelTitle": "Jack",
        "liveBroadcastContent": "none"
      }
    },
    {
      "kind": "youtube#searchResult",
      "etag": "\"7991kDR-QPaa9r0pePmDjBEa2h8/OtG55d0COSryyF107PGOH1SMylw\"",
      "id": {
        "kind": "youtube#video",
        "videoId": "Pc2aJxnmzh0"
      },
      "snippet": {
        "publishedAt": "2016-06-28T12:44:48.000Z",
        "channelId": "UCLXo7UDZvByw2ixzpQCufnA",
        "title": "How Snapchat's filters work",
        "description": "The engineering behind Snapchat's augmented-reality selfies. /// Subscribe to our channel! http://goo.gl/0bsAjO Vox.com is a news website that helps you cut ...",
        "thumbnails": {
          "default": {
            "url": "https://i.ytimg.com/vi/Pc2aJxnmzh0/default.jpg",
            "width": 120,
            "height": 90
          },
          "medium": {
            "url": "https://i.ytimg.com/vi/Pc2aJxnmzh0/mqdefault.jpg",
            "width": 320,
            "height": 180
          },
          "high": {
            "url": "https://i.ytimg.com/vi/Pc2aJxnmzh0/hqdefault.jpg",
            "width": 480,
            "height": 360
          }
        },
        "channelTitle": "Vox",
        "liveBroadcastContent": "none"
      }
    },
    {
      "kind": "youtube#searchResult",
      "etag": "\"7991kDR-QPaa9r0pePmDjBEa2h8/0WRLkMY7ZlN78Eh1Ya-vg9aV35M\"",
      "id": {
        "kind": "youtube#video",
        "videoId": "PQnhigbI4g4"
      },
      "snippet": {
        "publishedAt": "2014-03-17T21:19:31.000Z",
        "channelId": "UCLXo7UDZvByw2ixzpQCufnA",
        "title": "Vox: Understand The News",
        "description": "Ezra Klein, Melissa Bell, Matthew Yglesias and Trei Brundrett announce the launch of the news site Vox.com Subscribe to our channel!",
        "thumbnails": {
          "default": {
            "url": "https://i.ytimg.com/vi/PQnhigbI4g4/default.jpg",
            "width": 120,
            "height": 90
          },
          "medium": {
            "url": "https://i.ytimg.com/vi/PQnhigbI4g4/mqdefault.jpg",
            "width": 320,
            "height": 180
          },
          "high": {
            "url": "https://i.ytimg.com/vi/PQnhigbI4g4/hqdefault.jpg",
            "width": 480,
            "height": 360
          }
        },
        "channelTitle": "Vox",
        "liveBroadcastContent": "none"
      }
    },
    {
      "kind": "youtube#searchResult",
      "etag": "\"7991kDR-QPaa9r0pePmDjBEa2h8/WZN57JcQXlRy4msBtMH5BfIPsFw\"",
      "id": {
        "kind": "youtube#playlist",
        "playlistId": "PLJ8cMiYb3G5eNMPb_MTRyLDzm_AOIk7UF"
      },
      "snippet": {
        "publishedAt": "2015-04-13T14:31:20.000Z",
        "channelId": "UCLXo7UDZvByw2ixzpQCufnA",
        "title": "Vox Observatory",
        "description": "Science, tech, and other curiosities, from Vox producers Joss Fong and Dion Lee.",
        "thumbnails": {
          "default": {
            "url": "https://i.ytimg.com/vi/NpiDADw5Omw/default.jpg",
            "width": 120,
            "height": 90
          },
          "medium": {
            "url": "https://i.ytimg.com/vi/NpiDADw5Omw/mqdefault.jpg",
            "width": 320,
            "height": 180
          },
          "high": {
            "url": "https://i.ytimg.com/vi/NpiDADw5Omw/hqdefault.jpg",
            "width": 480,
            "height": 360
          }
        },
        "channelTitle": "Vox",
        "liveBroadcastContent": "none"
      }
    },
    {
      "kind": "youtube#searchResult",
      "etag": "\"7991kDR-QPaa9r0pePmDjBEa2h8/Py6E4OuM_8atRkquaYC97U_N1lM\"",
      "id": {
        "kind": "youtube#playlist",
        "playlistId": "PLJ8cMiYb3G5fSvLETeRMhU_CG8i76euCd"
      },
      "snippet": {
        "publishedAt": "2016-11-01T21:20:12.000Z",
        "channelId": "UCLXo7UDZvByw2ixzpQCufnA",
        "title": "Donald Trump | Presidential election 2016 | Vox Videos",
        "description": "",
        "thumbnails": {
          "default": {
            "url": "https://i.ytimg.com/vi/RLCUphApmr8/default.jpg",
            "width": 120,
            "height": 90
          },
          "medium": {
            "url": "https://i.ytimg.com/vi/RLCUphApmr8/mqdefault.jpg",
            "width": 320,
            "height": 180
          },
          "high": {
            "url": "https://i.ytimg.com/vi/RLCUphApmr8/hqdefault.jpg",
            "width": 480,
            "height": 360
          }
        },
        "channelTitle": "Vox",
        "liveBroadcastContent": "none"
      }
    },
    {
      "kind": "youtube#searchResult",
      "etag": "\"7991kDR-QPaa9r0pePmDjBEa2h8/qTHisYNXmjBQrbqw9LTHyo8dh8g\"",
      "id": {
        "kind": "youtube#video",
        "videoId": "5bzDiJ3l3W4"
      },
      "snippet": {
        "publishedAt": "2017-10-20T02:02:52.000Z",
        "channelId": "UCr-gTfI7au9UaEjNCbnp_Nw",
        "title": "Vidya Vox - Home (Official Video)",
        "description": "Official video for the original single \"Home\" by Vidya Vox, from Kuthu Fire EP: Get it on iTunes: http://apple.co/2yAsyZl | Listen on Spotify: http://spoti.fi/2zopg99 ...",
        "thumbnails": {
          "default": {
            "url": "https://i.ytimg.com/vi/5bzDiJ3l3W4/default.jpg",
            "width": 120,
            "height": 90
          },
          "medium": {
            "url": "https://i.ytimg.com/vi/5bzDiJ3l3W4/mqdefault.jpg",
            "width": 320,
            "height": 180
          },
          "high": {
            "url": "https://i.ytimg.com/vi/5bzDiJ3l3W4/hqdefault.jpg",
            "width": 480,
            "height": 360
          }
        },
        "channelTitle": "Vidya Vox",
        "liveBroadcastContent": "none"
      }
    }
  ]
}
